,key,Mutation score
0,GIVEN_A_SORTED_AND_ROTATED_ARRAY_FIND_IF_THERE_IS_A_PAIR_WITH_A_GIVEN_SUM_1,0.2
1,SMALLEST_OF_THREE_INTEGERS_WITHOUT_COMPARISON_OPERATORS_1,0.9
2,FIND_NUMBER_TRANSFORMATION_MAKE_TWO_MATRIX_EQUAL,0.9
3,PRIME_NUMBERS,0.8
4,DECIMAL_REPRESENTATION_GIVEN_BINARY_STRING_DIVISIBLE_10_NOT,0.2
5,K_TH_DISTINCT_OR_NON_REPEATING_ELEMENT_IN_AN_ARRAY_1,0.4
6,CHECK_WHETHER_TRIANGLE_VALID_NOT_SIDES_GIVEN,1.0
7,NUMBER_JUMP_REQUIRED_GIVEN_LENGTH_REACH_POINT_FORM_D_0_ORIGIN_2D_PLANE,0.4
8,K_TH_PRIME_FACTOR_GIVEN_NUMBER,0.2
9,DECIMAL_BINARY_CONVERSION_WITHOUT_USING_ARITHMETIC_OPERATORS,1.0
10,COUNT_PAIRS_DIFFERENCE_EQUAL_K_1,1.0
11,SUM_NODES_K_TH_LEVEL_TREE_REPRESENTED_STRING,1.0
12,TRIANGULAR_NUMBERS_1,0.0
13,PROGRAM_PRINT_IDENTITY_MATRIX_1,0.7272727272727273
14,BREAK_NUMBER_THREE_PARTS,1.0
15,ARRAY_ELEMENT_MOVED_K_USING_SINGLE_MOVES,1.0
16,PROGRAM_BINARY_DECIMAL_CONVERSION,1.0
17,POSSIBLE_FORM_TRIANGLE_ARRAY_VALUES,1.0
18,CHECK_IF_STRING_REMAINS_PALINDROME_AFTER_REMOVING_GIVEN_NUMBER_OF_CHARACTERS,0.4
19,GNOME_SORT_A_STUPID_ONE,1.0
20,MAXIMUM_VALUE_CHOICE_EITHER_DIVIDING_CONSIDERING,1.0
21,WRITE_A_C_PROGRAM_TO_FIND_THE_PARITY_OF_AN_UNSIGNED_INTEGER,0.5
22,STRING_CONTAINING_FIRST_LETTER_EVERY_WORD_GIVEN_STRING_SPACES,1.0
23,MINIMUM_SUM_SUBSEQUENCE_LEAST_ONE_EVERY_FOUR_CONSECUTIVE_ELEMENTS_PICKED,1.0
24,SCHEDULE_JOBS_SERVER_GETS_EQUAL_LOAD,0.9
25,MOVE_VE_ELEMENTS_END_ORDER_EXTRA_SPACE_ALLOWED,0.4
26,LENGTH_LONGEST_STRICT_BITONIC_SUBSEQUENCE,1.0
27,LONGEST_REPEATING_AND_NON_OVERLAPPING_SUBSTRING,1.0
28,HIGHWAY_BILLBOARD_PROBLEM,0.0
29,FIND_MAXIMUM_AVERAGE_SUBARRAY_OF_K_LENGTH_1,0.3
30,INTEGER_POSITIVE_VALUE_POSITIVE_NEGATIVE_VALUE_ARRAY,1.0
31,FIND_LARGEST_D_IN_ARRAY_SUCH_THAT_A_B_C_D,0.8
32,COUNT_PAIRS_WHOSE_PRODUCTS_EXIST_IN_ARRAY,0.6
33,SUM_K_TH_GROUP_ODD_POSITIVE_NUMBERS,1.0
34,SUBSEQUENCES_SIZE_THREE_ARRAY_WHOSE_SUM_DIVISIBLE_M_1,0.8
35,NUMBER_SUBSEQUENCES_FORM_AI_BJ_CK,0.4
36,LARGEST_SUBSEQUENCE_GCD_GREATER_1,0.7
37,LENGTH_OF_THE_LONGEST_ARITHMATIC_PROGRESSION_IN_A_SORTED_ARRAY,0.7
38,FIND_MAXIMUM_PRODUCT_OF_A_TRIPLET_IN_ARRAY_1,0.1
39,SEARCH_INSERT_AND_DELETE_IN_AN_UNSORTED_ARRAY,0.4
40,PRIMALITY_TEST_SET_1_INTRODUCTION_AND_SCHOOL_METHOD,0.8
41,FIND_INDEX_GIVEN_FIBONACCI_NUMBER_CONSTANT_TIME,1.0
42,FREQUENT_ELEMENT_ARRAY,0.5
43,MAXIMUM_CONSECUTIVE_NUMBERS_PRESENT_ARRAY,1.0
44,NUMBER_OF_BINARY_TREES_FOR_GIVEN_PREORDER_SEQUENCE_LENGTH,1.0
45,COUNT_NUMBERS_CAN_CONSTRUCTED_USING_TWO_NUMBERS,0.8
46,HORNERS_METHOD_POLYNOMIAL_EVALUATION,1.0
47,MULTIPLY_LARGE_NUMBERS_REPRESENTED_AS_STRINGS,1.0
48,FIND_THE_ELEMENT_THAT_APPEARS_ONCE,1.0
49,MIDDLE_OF_THREE_USING_MINIMUM_COMPARISONS_2,1.0
50,MOVE_VE_ELEMENTS_END_ORDER_EXTRA_SPACE_ALLOWED,0.4
51,CHECK_NUMBER_POWER_K_USING_BASE_CHANGING_METHOD,0.6
52,LOWER_INSERTION_POINT,0.1
53,COUNT_PAIRS_WHOSE_PRODUCTS_EXIST_IN_ARRAY_1,0.5
54,REARRANGE_ARRAY_MAXIMUM_MINIMUM_FORM_SET_2_O1_EXTRA_SPACE_1,1.0
55,NON_REPEATING_ELEMENT,0.7
56,MAXIMUM_SUM_IARRI_AMONG_ROTATIONS_GIVEN_ARRAY_1,1.0
57,COUNT_TRAILING_ZEROES_FACTORIAL_NUMBER,0.9
58,MINIMIZE_THE_MAXIMUM_DIFFERENCE_BETWEEN_THE_HEIGHTS,0.4
59,CHECK_STRING_FOLLOWS_ANBN_PATTERN_NOT,0.1
60,COUNT_PAIRS_TWO_SORTED_ARRAYS_WHOSE_SUM_EQUAL_GIVEN_VALUE_X_1,1.0
61,NTH_MULTIPLE_NUMBER_FIBONACCI_SERIES,1.0
62,STRING_K_DISTINCT_CHARACTERS_NO_CHARACTERS_ADJACENT,1.0
63,PROGRAM_TO_CHECK_IF_A_MATRIX_IS_SYMMETRIC,0.8181818181818182
64,FORM_MINIMUM_NUMBER_FROM_GIVEN_SEQUENCE_1,1.0
65,CHECK_GIVEN_MATRIX_SPARSE_NOT,0.5
66,COUNT_NUMBER_WAYS_TILE_FLOOR_SIZE_N_X_M_USING_1_X_M_SIZE_TILES,1.0
67,MAXIMUM_SUM_BITONIC_SUBARRAY,0.9
68,SUBSEQUENCES_SIZE_THREE_ARRAY_WHOSE_SUM_DIVISIBLE_M_1,0.8
69,GIVEN_A_SORTED_AND_ROTATED_ARRAY_FIND_IF_THERE_IS_A_PAIR_WITH_A_GIVEN_SUM,0.1
70,WRITE_YOU_OWN_POWER_WITHOUT_USING_MULTIPLICATION_AND_DIVISION,1.0
71,CHECK_GIVEN_SENTENCE_GIVEN_SET_SIMPLE_GRAMMER_RULES,0.4
72,COUNT_EVEN_LENGTH_BINARY_SEQUENCES_WITH_SAME_SUM_OF_FIRST_AND_SECOND_HALF_BITS_1,1.0
73,FIND_MINIMUM_NUMBER_DIVIDED_MAKE_NUMBER_PERFECT_SQUARE,0.9
74,COUNT_OF_PAIRS_SATISFYING_THE_GIVEN_CONDITION,0.0
75,MODULUS_TWO_FLOAT_DOUBLE_NUMBERS,0.5
76,COUNT_NUMBER_OF_OCCURRENCES_OR_FREQUENCY_IN_A_SORTED_ARRAY,0.7
77,COUNT_POSSIBLE_WAYS_TO_CONSTRUCT_BUILDINGS,1.0
78,FIND_WHETHER_AN_ARRAY_IS_SUBSET_OF_ANOTHER_ARRAY_SET_1_1,0.1
79,MAXIMUM_SUM_IARRI_AMONG_ROTATIONS_GIVEN_ARRAY_1,0.9
80,FIND_MINIMUM_NUMBER_DIVIDED_MAKE_NUMBER_PERFECT_SQUARE,0.3
81,SUM_OF_ALL_ELEMENTS_UP_TO_NTH_ROW_IN_A_PASCALS_TRIANGLE,1.0
82,COUNT_NUMBER_OF_STRINGS_MADE_OF_R_G_AND_B_USING_GIVEN_COMBINATION,0.1
83,QUERIES_COUNTS_ARRAY_ELEMENTS_VALUES_GIVEN_RANGE,0.1
84,SUM_MATRIX_ELEMENT_ELEMENT_INTEGER_DIVISION_ROW_COLUMN,1.0
85,MULTIPLY_LARGE_NUMBERS_REPRESENTED_AS_STRINGS,1.0
86,TOTAL_NUMBER_OF_NON_DECREASING_NUMBERS_WITH_N_DIGITS_1,1.0
87,DECIMAL_REPRESENTATION_GIVEN_BINARY_STRING_DIVISIBLE_10_NOT,0.5
88,MAXIMUM_CONSECUTIVE_NUMBERS_PRESENT_ARRAY,1.0
89,FIND_MAXIMUM_AVERAGE_SUBARRAY_OF_K_LENGTH_1,0.0
90,SUM_FIBONACCI_NUMBERS,1.0
91,DISTRIBUTING_ITEMS_PERSON_CANNOT_TAKE_TWO_ITEMS_TYPE,0.2
92,FIND_SUM_EVEN_FACTORS_NUMBER,1.0
93,POLICEMEN_CATCH_THIEVES,1.0
94,FIND_WHETHER_A_GIVEN_NUMBER_IS_A_POWER_OF_4_OR_NOT_1,0.9
95,LEXICOGRAPHICALLY_NEXT_STRING,1.0
96,MINIMUM_ROTATIONS_REQUIRED_GET_STRING,0.1
97,CHECK_LARGE_NUMBER_DIVISIBLE_13_NOT,0.6
98,SEARCH_INSERT_AND_DELETE_IN_A_SORTED_ARRAY,1.0
99,WAYS_REMOVE_ONE_ELEMENT_BINARY_STRING_XOR_BECOMES_ZERO,1.0
100,LONGEST_COMMON_SUBSEQUENCE_WITH_AT_MOST_K_CHANGES_ALLOWED,0.0
101,K_TH_PRIME_FACTOR_GIVEN_NUMBER,0.4
102,PROGRAM_TO_FIND_REMAINDER_WITHOUT_USING_MODULO_OR_OPERATOR_1,0.0
103,MIDDLE_OF_THREE_USING_MINIMUM_COMPARISONS,1.0
104,CONVERTING_ONE_STRING_USING_APPEND_DELETE_LAST_OPERATIONS,0.6
105,COUNT_OFDIFFERENT_WAYS_EXPRESS_N_SUM_1_3_4,1.0
106,MAXIMUM_NUMBER_CHARACTERS_TWO_CHARACTER_STRING,0.3
107,MODULUS_TWO_FLOAT_DOUBLE_NUMBERS,0.2
108,FRIENDS_PAIRING_PROBLEM,1.0
109,POSITIVE_ELEMENTS_EVEN_NEGATIVE_ODD_POSITIONS,0.3
110,FIND_VALUE_OF_Y_MOD_2_RAISED_TO_POWER_X,0.0
111,COUNT_INDEX_PAIRS_EQUAL_ELEMENTS_ARRAY_1,0.6
112,COMPUTE_N_UNDER_MODULO_P,0.4
113,HARDY_RAMANUJAN_THEOREM,0.3
114,PROGRAM_CHECK_ARRAY_SORTED_NOT_ITERATIVE_RECURSIVE_1,0.5
115,REARRANGE_ARRAY_MAXIMUM_MINIMUM_FORM,1.0
116,SPLIT_ARRAY_ADD_FIRST_PART_END,0.7
117,ROW_WISE_COMMON_ELEMENTS_TWO_DIAGONALS_SQUARE_MATRIX,0.4
118,FIND_MINIMUM_NUMBER_DIVIDED_MAKE_NUMBER_PERFECT_SQUARE,0.9
119,MAXIMIZE_SUM_ARRII,0.9
120,NUMBER_DIGITS_PRODUCT_TWO_NUMBERS,1.0
121,PROGRAM_CHECK_PLUS_PERFECT_NUMBER,0.2
122,FIND_WHETHER_A_GIVEN_NUMBER_IS_A_POWER_OF_4_OR_NOT,0.0
123,MULTIPLY_TWO_NUMBERS_WITHOUT_USING_MULTIPLY_DIVISION_BITWISE_OPERATORS_AND_NO_LOOPS,1.0
124,PROGRAM_CHECK_PLUS_PERFECT_NUMBER,0.2
125,COUNT_PAIRS_TWO_SORTED_ARRAYS_WHOSE_SUM_EQUAL_GIVEN_VALUE_X_1,0.2
126,FAST_MULTIPLICATION_METHOD_WITHOUT_USING_MULTIPLICATION_OPERATOR_RUSSIAN_PEASANTS_ALGORITHM,1.0
127,NTH_EVEN_LENGTH_PALINDROME,1.0
128,MINIMUM_NUMBER_SUBSETS_DISTINCT_ELEMENTS,1.0
129,COUNT_NUMBER_WAYS_REACH_GIVEN_SCORE_GAME,1.0
130,CHANGE_ARRAY_PERMUTATION_NUMBERS_1_N,0.9
131,FREQUENT_ELEMENT_ARRAY,0.5
132,SEARCH_INSERT_AND_DELETE_IN_A_SORTED_ARRAY_1,0.4
133,COUNT_NEGATIVE_NUMBERS_IN_A_COLUMN_WISE_ROW_WISE_SORTED_MATRIX,1.0
134,SQUARE_PYRAMIDAL_NUMBER_SUM_SQUARES,0.6
135,PRINT_MAXIMUM_SHORTEST_DISTANCE,1.0
136,CHECK_IF_A_NUMBER_IS_POWER_OF_ANOTHER_NUMBER,0.4
137,C_PROGRAM_CONCATENATE_STRING_GIVEN_NUMBER_TIMES,1.0
138,K_TH_DISTINCT_OR_NON_REPEATING_ELEMENT_IN_AN_ARRAY_1,0.4
139,SUM_MANHATTAN_DISTANCES_PAIRS_POINTS,0.9
140,FIND_FIRST_NATURAL_NUMBER_WHOSE_FACTORIAL_DIVISIBLE_X,1.0
141,ODD_EVEN_SORT_BRICK_SORT,0.5
142,MINIMUM_XOR_VALUE_PAIR,0.8
143,SCHEDULE_JOBS_SERVER_GETS_EQUAL_LOAD,0.0
144,COUNT_PAIRS_TWO_SORTED_ARRAYS_WHOSE_SUM_EQUAL_GIVEN_VALUE_X_2,0.3
145,CHECK_NUMBER_IS_PERFECT_SQUARE_USING_ADDITIONSUBTRACTION,0.6
146,FORM_MINIMUM_NUMBER_FROM_GIVEN_SEQUENCE_1,1.0
147,CHECK_WHETHER_ARITHMETIC_PROGRESSION_CAN_FORMED_GIVEN_ARRAY,0.6
148,CHECK_GIVEN_STRING_CAN_SPLIT_FOUR_DISTINCT_STRINGS,0.4
149,COUNT_NUMBERS_THAT_DONT_CONTAIN_3,1.0
150,MAXIMUM_POSSIBLE_DIFFERENCE_TWO_SUBSETS_ARRAY,0.8
151,PROGRAM_TO_FIND_REMAINDER_WITHOUT_USING_MODULO_OR_OPERATOR_2,0.6
152,MINIMUM_STEPS_MINIMIZE_N_PER_GIVEN_CONDITION,1.0
153,NUMBER_NON_NEGATIVE_INTEGRAL_SOLUTIONS_B_C_N,1.0
154,LONGEST_COMMON_SUBSEQUENCE_WITH_AT_MOST_K_CHANGES_ALLOWED,0.0
155,MINIMUM_SUM_SUBSEQUENCE_LEAST_ONE_EVERY_FOUR_CONSECUTIVE_ELEMENTS_PICKED,0.6
156,SUM_FIBONACCI_NUMBERS,1.0
157,FIND_UNIT_DIGIT_X_RAISED_POWER_Y_1,1.0
158,PAIR_WITH_GIVEN_PRODUCT_SET_1_FIND_IF_ANY_PAIR_EXISTS_1,0.1
159,SCHEDULE_JOBS_SERVER_GETS_EQUAL_LOAD,1.0
160,GIVEN_A_SORTED_AND_ROTATED_ARRAY_FIND_IF_THERE_IS_A_PAIR_WITH_A_GIVEN_SUM,0.1
161,LEXICOGRAPHICALLY_NEXT_STRING,1.0
162,ANALYSIS_OF_ALGORITHMS_SET_2_ASYMPTOTIC_ANALYSIS,0.4
163,LEXICOGRAPHICALLY_NEXT_STRING,0.5
164,POSITION_ELEMENT_STABLE_SORT,1.0
165,EULERS_CRITERION_CHECK_IF_SQUARE_ROOT_UNDER_MODULO_P_EXISTS,0.3
166,MINIMIZE_THE_SUM_OF_DIGITS_OF_A_AND_B_SUCH_THAT_A_B_N,1.0
167,WRITE_YOU_OWN_POWER_WITHOUT_USING_MULTIPLICATION_AND_DIVISION,1.0
168,LENGTH_LONGEST_STRICT_BITONIC_SUBSEQUENCE,0.9
169,K_TH_DISTINCT_OR_NON_REPEATING_ELEMENT_IN_AN_ARRAY,0.4
170,FIND_PAIR_WITH_GREATEST_PRODUCT_IN_ARRAY,0.6
171,FIND_SUM_NON_REPEATING_DISTINCT_ELEMENTS_ARRAY,1.0
172,FIND_MAXIMUM_HEIGHT_PYRAMID_FROM_THE_GIVEN_ARRAY_OF_OBJECTS,1.0
173,HARDY_RAMANUJAN_THEOREM,1.0
174,MULTIPLY_LARGE_NUMBERS_REPRESENTED_AS_STRINGS,1.0
175,COMPUTE_N_UNDER_MODULO_P,1.0
176,NUMBER_JUMP_REQUIRED_GIVEN_LENGTH_REACH_POINT_FORM_D_0_ORIGIN_2D_PLANE,0.4
177,PAIR_WITH_GIVEN_PRODUCT_SET_1_FIND_IF_ANY_PAIR_EXISTS_1,0.1
178,NUMBER_DIGITS_PRODUCT_TWO_NUMBERS,1.0
179,LEXICOGRAPHICALLY_MINIMUM_STRING_ROTATION,1.0
180,PROGRAM_PRINT_SUM_GIVEN_NTH_TERM,1.0
181,NUMBER_DIGITS_PRODUCT_TWO_NUMBERS_1,0.0
182,COUNT_CHARACTERS_STRING_DISTANCE_ENGLISH_ALPHABETS,0.8
183,CONVERT_STRICTLY_INCREASING_ARRAY_MINIMUM_CHANGES,0.9
184,MINIMUM_PERIMETER_N_BLOCKS,1.0
185,CHECK_GIVEN_STRING_CAN_SPLIT_FOUR_DISTINCT_STRINGS,0.0
186,COUNT_NUMBER_WAYS_REACH_GIVEN_SCORE_GAME,1.0
187,PROGRAM_TO_FIND_REMAINDER_WITHOUT_USING_MODULO_OR_OPERATOR_1,0.0
188,CHECK_STRING_FOLLOWS_ANBN_PATTERN_NOT,0.9
189,N_TH_NUMBER_WHOSE_SUM_OF_DIGITS_IS_TEN_1,1.0
190,REARRANGE_POSITIVE_AND_NEGATIVE_NUMBERS_PUBLISH,0.3
191,FINDING_POWER_PRIME_NUMBER_P_N,0.8
192,EFFICIENT_WAY_CHECK_WHETHER_N_TH_FIBONACCI_NUMBER_MULTIPLE_10,0.4
193,FIND_SUM_EVEN_FACTORS_NUMBER,1.0
194,PRODUCT_NODES_K_TH_LEVEL_TREE_REPRESENTED_STRING,1.0
195,FIND_THE_FIRST_MISSING_NUMBER,0.3
196,PROGRAM_TO_FIND_REMAINDER_WITHOUT_USING_MODULO_OR_OPERATOR_1,1.0
197,GOLD_MINE_PROBLEM,0.9
198,COUNT_DISTINCT_NON_NEGATIVE_PAIRS_X_Y_SATISFY_INEQUALITY_XX_YY_N_2,1.0
199,PROGRAM_FIND_STRING_START_END_GEEKS,0.0
200,SUM_LARGEST_PRIME_FACTOR_NUMBER_LESS_EQUAL_N,1.0
201,CHECK_ARRAY_REPRESENTS_INORDER_BINARY_SEARCH_TREE_NOT,0.4
202,NEXT_POWER_OF_2_1,0.0
203,FIND_MINIMUM_SUM_FACTORS_NUMBER,0.9
204,COUNT_OF_PAIRS_SATISFYING_THE_GIVEN_CONDITION,0.8
205,LONGEST_SUBSEQUENCE_SUCH_THAT_DIFFERENCE_BETWEEN_ADJACENTS_IS_ONE,0.6
206,POSSIBLE_FORM_TRIANGLE_ARRAY_VALUES,1.0
207,MINIMIZE_THE_SUM_OF_DIGITS_OF_A_AND_B_SUCH_THAT_A_B_N,1.0
208,LOWER_INSERTION_POINT,0.1
209,MOVE_VE_ELEMENTS_END_ORDER_EXTRA_SPACE_ALLOWED,0.4
210,MAXIMUM_TRIPLET_SUM_ARRAY,1.0
211,HOW_CAN_WE_SUM_THE_DIGITS_OF_A_GIVEN_NUMBER_IN_SINGLE_STATEMENT_1,1.0
212,K_TH_PRIME_FACTOR_GIVEN_NUMBER,0.3
213,PROGRAM_CENSOR_WORD_ASTERISKS_SENTENCE,1.0
214,PROGRAM_CHECK_ARRAY_SORTED_NOT_ITERATIVE_RECURSIVE_1,0.5
215,TILING_WITH_DOMINOES,1.0
216,FORM_SMALLEST_NUMBER_USING_ONE_SWAP_OPERATION,1.0
217,COUNT_MINIMUM_NUMBER_SUBSETS_SUBSEQUENCES_CONSECUTIVE_NUMBERS,0.9
218,FIND_WHETHER_A_GIVEN_NUMBER_IS_A_POWER_OF_4_OR_NOT,0.9
219,MULTIPLY_LARGE_INTEGERS_UNDER_LARGE_MODULO,1.0
220,COUNT_CHARACTERS_POSITION_ENGLISH_ALPHABETS,0.6
221,SORT_ARRAY_CONTAIN_1_N_VALUES,1.0
222,STRING_K_DISTINCT_CHARACTERS_NO_CHARACTERS_ADJACENT,1.0
223,FIND_SUM_EVEN_INDEX_BINOMIAL_COEFFICIENTS,0.4
224,LARGEST_SUM_CONTIGUOUS_SUBARRAY_2,1.0
225,FIND_INDEX_0_REPLACED_1_GET_LONGEST_CONTINUOUS_SEQUENCE_1S_BINARY_ARRAY,1.0
226,COUNT_SET_BITS_IN_AN_INTEGER,1.0
227,COUNT_NUMBER_PAIRS_N_B_N_GCD_B_B,1.0
228,EFFICIENT_SEARCH_IN_AN_ARRAY_WHERE_DIFFERENCE_BETWEEN_ADJACENT_IS_1,0.5
229,MAXIMUM_TRIPLET_SUM_ARRAY_2,1.0
230,CHECK_GIVEN_SENTENCE_GIVEN_SET_SIMPLE_GRAMMER_RULES,0.4
231,CHECK_GIVEN_STRING_ROTATION_PALINDROME,0.7
232,MULTIPLY_TWO_NUMBERS_WITHOUT_USING_MULTIPLY_DIVISION_BITWISE_OPERATORS_AND_NO_LOOPS,1.0
233,PRIME_NUMBERS,0.8
234,REMAINDER_7_LARGE_NUMBERS,1.0
235,MAXIMUM_SUM_IARRI_AMONG_ROTATIONS_GIVEN_ARRAY_1,1.0
236,LONGEST_COMMON_SUBSTRING,1.0
237,SUM_SQUARES_BINOMIAL_COEFFICIENTS,1.0
238,MOVE_VE_ELEMENTS_END_ORDER_EXTRA_SPACE_ALLOWED,0.4
239,CIRCULAR_MATRIX_CONSTRUCT_A_MATRIX_WITH_NUMBERS_1_TO_MN_IN_SPIRAL_WAY,1.0
240,PROGRAM_CENSOR_WORD_ASTERISKS_SENTENCE,1.0
241,MINIMIZE_THE_MAXIMUM_DIFFERENCE_BETWEEN_THE_HEIGHTS,0.7
242,FIND_MAXIMUM_AVERAGE_SUBARRAY_OF_K_LENGTH_1,0.9
243,DECIMAL_REPRESENTATION_GIVEN_BINARY_STRING_DIVISIBLE_10_NOT,0.5
244,PROGRAM_OCTAL_DECIMAL_CONVERSION,1.0
245,FIND_INDEX_0_REPLACED_1_GET_LONGEST_CONTINUOUS_SEQUENCE_1S_BINARY_ARRAY,0.4
246,FIND_UNIT_DIGIT_X_RAISED_POWER_Y,0.9
247,ZECKENDORFS_THEOREM_NON_NEIGHBOURING_FIBONACCI_REPRESENTATION,1.0
248,FIND_THE_FIRST_MISSING_NUMBER,1.0
249,DYNAMIC_PROGRAMMING_SET_12_LONGEST_PALINDROMIC_SUBSEQUENCE,0.8
250,FIND_WHETHER_AN_ARRAY_IS_SUBSET_OF_ANOTHER_ARRAY_SET_1_1,0.0
251,ARRAY_ELEMENT_MOVED_K_USING_SINGLE_MOVES,0.2
252,FIND_MINIMUM_NUMBER_DIVIDED_MAKE_NUMBER_PERFECT_SQUARE,0.1
253,LENGTH_LONGEST_SUB_STRING_CAN_MAKE_REMOVED,0.1
254,COUNT_NUMBERS_THAT_DONT_CONTAIN_3,1.0
255,COUNT_NUMBER_OF_STRINGS_MADE_OF_R_G_AND_B_USING_GIVEN_COMBINATION,0.1
256,COUNT_INDEX_PAIRS_EQUAL_ELEMENTS_ARRAY_1,0.6
257,SUM_OF_ALL_PROPER_DIVISORS_OF_A_NATURAL_NUMBER,0.5
258,COUNT_POSSIBLE_DECODINGS_GIVEN_DIGIT_SEQUENCE_1,1.0
259,NUMBER_OF_BINARY_TREES_FOR_GIVEN_PREORDER_SEQUENCE_LENGTH,1.0
260,SORT_AN_ARRAY_OF_0S_1S_AND_2S,0.8
261,CHECK_WHETHER_GIVEN_DEGREES_VERTICES_REPRESENT_GRAPH_TREE,0.4
262,COUNT_NEGATIVE_NUMBERS_IN_A_COLUMN_WISE_ROW_WISE_SORTED_MATRIX_1,0.9
263,COUNT_NATURAL_NUMBERS_WHOSE_PERMUTATION_GREATER_NUMBER,1.0
264,SUM_PAIRWISE_PRODUCTS_1,1.0
265,TOTAL_NUMBER_OF_NON_DECREASING_NUMBERS_WITH_N_DIGITS,1.0
266,MIDDLE_OF_THREE_USING_MINIMUM_COMPARISONS_1,1.0
267,MINIMUM_INSERTIONS_SORT_ARRAY,1.0
268,WAYS_REMOVE_ONE_ELEMENT_BINARY_STRING_XOR_BECOMES_ZERO,1.0
269,COUNT_DISTINCT_NON_NEGATIVE_PAIRS_X_Y_SATISFY_INEQUALITY_XX_YY_N_2_1,1.0
270,PROGRAM_FIND_SMALLEST_DIFFERENCE_ANGLES_TWO_PARTS_GIVEN_CIRCLE,0.9
271,FIND_NUMBER_TRANSFORMATION_MAKE_TWO_MATRIX_EQUAL,0.9
272,CHECK_WHETHER_ARITHMETIC_PROGRESSION_CAN_FORMED_GIVEN_ARRAY,0.6
273,MODULAR_EXPONENTIATION_POWER_IN_MODULAR_ARITHMETIC,1.0
274,NUMBER_JUMP_REQUIRED_GIVEN_LENGTH_REACH_POINT_FORM_D_0_ORIGIN_2D_PLANE,0.4
275,COUNT_BALANCED_BINARY_TREES_HEIGHT_H,1.0
276,BINARY_REPRESENTATION_OF_NEXT_NUMBER,1.0
277,MINIMUM_LENGTH_SUBARRAY_SUM_GREATER_GIVEN_VALUE,1.0
278,LONGEST_COMMON_INCREASING_SUBSEQUENCE_LCS_LIS,0.6
279,FINDING_POWER_PRIME_NUMBER_P_N_1,0.5
280,PRIMALITY_TEST_SET_1_INTRODUCTION_AND_SCHOOL_METHOD,0.8
281,PADOVAN_SEQUENCE,1.0
282,K_TH_DISTINCT_OR_NON_REPEATING_ELEMENT_IN_AN_ARRAY_1,0.4
283,FIND_REPETITIVE_ELEMENT_1_N_1_2,0.9
284,FIND_NUMBER_TRANSFORMATION_MAKE_TWO_MATRIX_EQUAL,1.0
285,MOVE_ZEROES_END_ARRAY,0.4
286,HARDY_RAMANUJAN_THEOREM,0.7
287,NEXT_POWER_OF_2,1.0
288,CHECK_TWO_GIVEN_CIRCLES_TOUCH_INTERSECT,1.0
289,LEXICOGRAPHICALLY_SMALLEST_ARRAY_K_CONSECUTIVE_SWAPS,0.4
290,COUNT_INVERSIONS_OF_SIZE_THREE_IN_A_GIVE_ARRAY_1,0.4
291,BREAKING_NUMBER_FIRST_PART_INTEGRAL_DIVISION_SECOND_POWER_10,0.4
292,TRIANGULAR_NUMBERS_1,0.0
293,FRIENDS_PAIRING_PROBLEM_2,0.9
294,BINARY_REPRESENTATION_OF_NEXT_NUMBER,1.0
295,CHECK_VALID_SEQUENCE_DIVISIBLE_M,0.6
296,HOW_TO_AVOID_OVERFLOW_IN_MODULAR_MULTIPLICATION,1.0
297,N_TH_NUMBER_WHOSE_SUM_OF_DIGITS_IS_TEN,1.0
298,LEONARDO_NUMBER_1,1.0
299,HOW_CAN_WE_SUM_THE_DIGITS_OF_A_GIVEN_NUMBER_IN_SINGLE_STATEMENT,1.0
300,SCHEDULE_JOBS_SERVER_GETS_EQUAL_LOAD,0.0
301,DYNAMIC_PROGRAMMING_SET_17_PALINDROME_PARTITIONING_1,0.9
302,FIRST_ELEMENT_OCCURRING_K_TIMES_ARRAY,0.5
303,MAXIMIZE_VOLUME_CUBOID_GIVEN_SUM_SIDES,0.9
304,CONVERTING_ONE_STRING_USING_APPEND_DELETE_LAST_OPERATIONS,0.3
305,LOWER_INSERTION_POINT,0.8
306,NEXT_POWER_OF_2,0.2
307,SORT_ARRAY_WAVE_FORM_2_1,0.8
308,POSITION_OF_RIGHTMOST_SET_BIT_1,1.0
309,FIND_SUM_EVEN_FACTORS_NUMBER,0.4
310,COUNT_NUMBERS_CAN_CONSTRUCTED_USING_TWO_NUMBERS,0.8
311,MAXIMUM_SUBARRAY_SUM_USING_PREFIX_SUM,1.0
312,PROGRAM_TO_FIND_REMAINDER_WITHOUT_USING_MODULO_OR_OPERATOR_1,0.0
313,LONGEST_COMMON_SUBSEQUENCE_WITH_AT_MOST_K_CHANGES_ALLOWED,0.0
314,POSSIBLE_TO_MAKE_A_DIVISIBLE_BY_3_NUMBER_USING_ALL_DIGITS_IN_AN_ARRAY,0.7
315,LENGTH_OF_THE_LONGEST_ARITHMATIC_PROGRESSION_IN_A_SORTED_ARRAY,0.6
316,COUNT_TOTAL_SET_BITS_IN_ALL_NUMBERS_FROM_1_TO_N,1.0
317,FIND_VALUE_OF_Y_MOD_2_RAISED_TO_POWER_X,0.0
318,LONGEST_COMMON_INCREASING_SUBSEQUENCE_LCS_LIS,0.6
319,CHECK_ARRAY_REPRESENTS_INORDER_BINARY_SEARCH_TREE_NOT,0.4
320,FIND_THREE_ELEMENT_FROM_DIFFERENT_THREE_ARRAYS_SUCH_THAT_THAT_A_B_C_K,0.4
321,PROGRAM_DECIMAL_BINARY_CONVERSION_2,1.0
322,LEXICOGRAPHICAL_CONCATENATION_SUBSTRINGS_STRING,1.0
323,NUMBER_INDEXES_EQUAL_ELEMENTS_GIVEN_RANGE,0.1
324,PROGRAM_CENSOR_WORD_ASTERISKS_SENTENCE,1.0
325,PROGRAM_CHECK_INPUT_INTEGER_STRING,0.4
326,MINIMUM_COST_CONNECT_WEIGHTED_NODES_REPRESENTED_ARRAY,0.7
327,LONGEST_COMMON_SUBSEQUENCE_WITH_AT_MOST_K_CHANGES_ALLOWED,0.0
328,FIND_ROTATION_COUNT_ROTATED_SORTED_ARRAY_1,0.9
329,DISTRIBUTING_M_ITEMS_CIRCLE_SIZE_N_STARTING_K_TH_POSITION,1.0
330,NTH_NON_FIBONACCI_NUMBER,1.0
331,LONGEST_REPEATING_AND_NON_OVERLAPPING_SUBSTRING,1.0
332,CONVERTING_ONE_STRING_USING_APPEND_DELETE_LAST_OPERATIONS,0.0
333,NEXT_POWER_OF_2_1,1.0
334,CHECK_WHETHER_NUMBER_DUCK_NUMBER_NOT,1.0
335,LONGEST_SUBARRAY_COUNT_1S_ONE_COUNT_0S,1.0
336,HOW_TO_TURN_OFF_A_PARTICULAR_BIT_IN_A_NUMBER,0.0
337,COUNT_SET_BITS_IN_AN_INTEGER_1,1.0
338,MINIMIZE_THE_MAXIMUM_DIFFERENCE_BETWEEN_THE_HEIGHTS,0.4
339,WILDCARD_CHARACTER_MATCHING,0.6
340,LEXICOGRAPHICAL_CONCATENATION_SUBSTRINGS_STRING,1.0
341,MINIMUM_OPERATIONS_MAKE_GCD_ARRAY_MULTIPLE_K,1.0
342,MEDIAN_OF_TWO_SORTED_ARRAYS,1.0
343,FIND_N_TH_ELEMENT_FROM_STERNS_DIATOMIC_SERIES,1.0
344,FRIENDS_PAIRING_PROBLEM_2,1.0
345,FIND_SMALLEST_VALUE_REPRESENTED_SUM_SUBSET_GIVEN_ARRAY,0.5
346,LONGEST_COMMON_INCREASING_SUBSEQUENCE_LCS_LIS,0.4
347,MAXIMUM_DISTANCE_TWO_OCCURRENCES_ELEMENT_ARRAY,0.6
0,MINIMUM_TIME_TO_FINISH_TASKS_WITHOUT_SKIPPING_TWO_CONSECUTIVE,1.0
1,FIND_MAXIMUM_PRODUCT_OF_A_TRIPLET_IN_ARRAY,0.9
2,MAXIMUM_PRODUCT_SUBSET_ARRAY,0.7
3,FIND_SUM_ODD_FACTORS_NUMBER,0.9
4,WRITE_ONE_LINE_C_FUNCTION_TO_FIND_WHETHER_A_NO_IS_POWER_OF_TWO,0.6
5,TRIANGULAR_NUMBERS,0.1
6,CHANGE_BITS_CAN_MADE_ONE_FLIP,0.3
7,COUNT_INDEX_PAIRS_EQUAL_ELEMENTS_ARRAY,0.4
8,COUNT_FREQUENCY_K_MATRIX_SIZE_N_MATRIXI_J_IJ,1.0
9,FIND_THE_MISSING_NUMBER_2,1.0
10,MAXIMUM_PRODUCT_OF_4_ADJACENT_ELEMENTS_IN_MATRIX,1.0
11,PRIMALITY_TEST_SET_1_INTRODUCTION_AND_SCHOOL_METHOD_1,0.2
12,DECODE_MEDIAN_STRING_ORIGINAL_STRING,0.9
13,PROGRAM_PAGE_REPLACEMENT_ALGORITHMS_SET_2_FIFO,1.0
14,COUNT_WORDS_APPEAR_EXACTLY_TWO_TIMES_ARRAY_WORDS,0.9
15,PROGRAM_COUNT_OCCURRENCE_GIVEN_CHARACTER_STRING,0.4
16,ARRAY_RANGE_QUERIES_ELEMENTS_FREQUENCY_VALUE,0.4
17,FIND_LARGEST_PRIME_FACTOR_NUMBER,0.6
18,GOOGLE_CASE_GIVEN_SENTENCE,1.0
19,SMALLEST_POWER_OF_2_GREATER_THAN_OR_EQUAL_TO_N,0.9
20,SQUARE_ROOT_OF_AN_INTEGER_1,0.8
21,FIND_THE_ELEMENT_BEFORE_WHICH_ALL_THE_ELEMENTS_ARE_SMALLER_THAN_IT_AND_AFTER_WHICH_ALL_ARE_GREATER_THAN_IT,0.3
22,MINIMUM_TIME_WRITE_CHARACTERS_USING_INSERT_DELETE_COPY_OPERATION,1.0
23,STEINS_ALGORITHM_FOR_FINDING_GCD,1.0
24,REARRANGE_ARRAY_MAXIMUM_MINIMUM_FORM_SET_2_O1_EXTRA_SPACE,0.8
25,NUMBER_TRIANGLES_N_MOVES,1.0
26,PRINT_WORDS_STRING_REVERSE_ORDER,0.8
27,COUNT_SET_BITS_IN_AN_INTEGER_3,1.0
28,CIRCLE_LATTICE_POINTS,0.3
29,COUNT_SUBSTRINGS_WITH_SAME_FIRST_AND_LAST_CHARACTERS,1.0
30,EVEN_FIBONACCI_NUMBERS_SUM,1.0
31,FIND_MINIMUM_DIFFERENCE_PAIR_1,1.0
32,REPLACE_CHARACTER_C1_C2_C2_C1_STRING_S,0.2
33,MINIMUM_LENGTH_SUBARRAY_SUM_GREATER_GIVEN_VALUE_1,1.0
34,COUNT_SORTED_ROWS_MATRIX,0.3
35,MAXIMUM_LENGTH_PREFIX_ONE_STRING_OCCURS_SUBSEQUENCE_ANOTHER,0.4
36,MINIMUM_NUMBER_PLATFORMS_REQUIRED_RAILWAYBUS_STATION,1.0
37,COUNT_DIGITS_FACTORIAL_SET_1,1.0
38,LONGEST_INCREASING_ODD_EVEN_SUBSEQUENCE,1.0
39,CHECK_IF_X_CAN_GIVE_CHANGE_TO_EVERY_PERSON_IN_THE_QUEUE,0.7
40,NUMBER_IS_DIVISIBLE_BY_29_OR_NOT,0.0
41,HOW_TO_CHECK_IF_A_GIVEN_ARRAY_REPRESENTS_A_BINARY_HEAP_1,0.8
42,CAESAR_CIPHER,1.0
43,PRINT_WORDS_STRING_REVERSE_ORDER,0.8
44,MINIMUM_INCREMENT_K_OPERATIONS_MAKE_ELEMENTS_EQUAL,0.9
45,COUNT_SUBARRAYS_WITH_SAME_EVEN_AND_ODD_ELEMENTS,1.0
46,STEINS_ALGORITHM_FOR_FINDING_GCD,1.0
47,PRIMALITY_TEST_SET_1_INTRODUCTION_AND_SCHOOL_METHOD_1,0.2
48,CHECK_WHETHER_TWO_STRINGS_ARE_ANAGRAM_OF_EACH_OTHER,1.0
49,PAPER_CUT_MINIMUM_NUMBER_SQUARES,0.0
50,MAXIMUM_SUM_IARRI_AMONG_ROTATIONS_GIVEN_ARRAY,1.0
51,MINIMUM_TIME_WRITE_CHARACTERS_USING_INSERT_DELETE_COPY_OPERATION,1.0
52,SQUARE_ROOT_OF_AN_INTEGER,0.8
53,PROGRAM_FOR_FACTORIAL_OF_A_NUMBER_1,1.0
54,TRIANGULAR_NUMBERS,0.1
55,COUNT_PAIRS_TWO_SORTED_ARRAYS_WHOSE_SUM_EQUAL_GIVEN_VALUE_X,0.1
56,MAXIMUM_CONSECUTIVE_REPEATING_CHARACTER_STRING_1,1.0
57,BELL_NUMBERS_NUMBER_OF_WAYS_TO_PARTITION_A_SET,1.0
58,FIND_THE_NUMBER_OCCURRING_ODD_NUMBER_OF_TIMES_1,1.0
59,MAXIMUM_GAMES_PLAYED_WINNER,1.0
60,SMALLEST_POWER_OF_2_GREATER_THAN_OR_EQUAL_TO_N_1,1.0
61,PAPER_CUT_MINIMUM_NUMBER_SQUARES,0.8
62,ADD_TWO_NUMBERS_WITHOUT_USING_ARITHMETIC_OPERATORS,0.0
63,FIND_SUM_UNIQUE_SUB_ARRAY_SUM_GIVEN_ARRAY,0.7
64,COUNT_ENTRIES_EQUAL_TO_X_IN_A_SPECIAL_MATRIX,0.8
65,TEMPLE_OFFERINGS,0.9
66,NUMBER_ORDERED_PAIRS_AI_AJ_0,1.0
67,MINIMUM_CHARACTERS_ADDED_FRONT_MAKE_STRING_PALINDROME,0.7
68,STEINS_ALGORITHM_FOR_FINDING_GCD,1.0
69,MINIMUM_TIME_WRITE_CHARACTERS_USING_INSERT_DELETE_COPY_OPERATION,1.0
70,MINIMUM_SUM_SUBSEQUENCE_LEAST_ONE_EVERY_FOUR_CONSECUTIVE_ELEMENTS_PICKED_1,1.0
71,COUNT_POSSIBLE_PATHS_TOP_LEFT_BOTTOM_RIGHT_NXM_MATRIX_2,0.9
72,PAIR_WITH_GIVEN_PRODUCT_SET_1_FIND_IF_ANY_PAIR_EXISTS,0.3
73,MINIMUM_SUM_SQUARES_CHARACTERS_COUNTS_GIVEN_STRING_REMOVING_K_CHARACTERS,0.0
74,COUNT_OBTUSE_ANGLES_CIRCLE_K_EQUIDISTANT_POINTS_2_GIVEN_POINTS,0.0
75,FIND_THE_MISSING_NUMBER_2,0.8
76,PATH_MAXIMUM_AVERAGE_VALUE,0.9
77,COUNT_NUMBER_OF_WAYS_TO_COVER_A_DISTANCE_1,1.0
78,COUNT_ARRAYS_CONSECUTIVE_ELEMENT_DIFFERENT_VALUES,1.0
79,FIND_THE_NUMBER_OCCURRING_ODD_NUMBER_OF_TIMES_1,1.0
80,NUMBER_N_DIGIT_STEPPING_NUMBERS,1.0
81,CEILING_IN_A_SORTED_ARRAY,0.2
82,QUICK_WAY_CHECK_CHARACTERS_STRING,0.4
83,MINIMUM_SUM_SQUARES_CHARACTERS_COUNTS_GIVEN_STRING_REMOVING_K_CHARACTERS,0.0
84,SQUARE_ROOT_OF_AN_INTEGER,1.0
85,RECURSIVELY_BREAK_NUMBER_3_PARTS_GET_MAXIMUM_SUM_1,1.0
86,MAXIMUM_PRODUCT_INCREASING_SUBSEQUENCE,0.7
87,NUMBER_SUBSTRINGS_DIVISIBLE_4_STRING_INTEGERS,0.8
88,CHECK_WHETHER_GIVEN_NUMBER_EVEN_ODD_1,0.6
89,SUM_TWO_LARGE_NUMBERS,1.0
90,PRIMALITY_TEST_SET_1_INTRODUCTION_AND_SCHOOL_METHOD_1,0.9
91,MINIMUM_DIFFERENCE_MAX_MIN_K_SIZE_SUBSETS,0.5
92,COUNT_DIGITS_FACTORIAL_SET_1,1.0
93,MAKING_ELEMENTS_OF_TWO_ARRAYS_SAME_WITH_MINIMUM_INCREMENTDECREMENT,0.9
94,COMPOSITE_NUMBER,0.7
95,FIND_A_FIXED_POINT_IN_A_GIVEN_ARRAY,0.3
96,CHECK_ARRAY_CONTAINS_CONTIGUOUS_INTEGERS_DUPLICATES_ALLOWED,0.5
97,NUMBER_OF_SUBSTRINGS_WITH_ODD_DECIMAL_VALUE_IN_A_BINARY_STRING,0.5
98,FIND_SUM_UNIQUE_SUB_ARRAY_SUM_GIVEN_ARRAY,0.7
99,CHECK_VALID_SEQUENCE_DIVISIBLE_M_1,0.1
100,LONGEST_PALINDROME_SUBSEQUENCE_SPACE,1.0
101,CIRCLE_LATTICE_POINTS,0.3
102,SPLIT_N_MAXIMUM_COMPOSITE_NUMBERS,1.0
103,NUMBER_UNIQUE_RECTANGLES_FORMED_USING_N_UNIT_SQUARES,1.0
104,SPLIT_N_MAXIMUM_COMPOSITE_NUMBERS,0.3
105,PERFECT_REVERSIBLE_STRING,0.5
106,MINIMUM_SUM_SUBSEQUENCE_LEAST_ONE_EVERY_FOUR_CONSECUTIVE_ELEMENTS_PICKED_1,1.0
107,REMOVE_MINIMUM_ELEMENTS_EITHER_SIDE_2MIN_MAX,0.7
108,MINIMUM_COST_FOR_ACQUIRING_ALL_COINS_WITH_K_EXTRA_COINS_ALLOWED_WITH_EVERY_COIN,0.2
109,COUNT_SUBARRAYS_EQUAL_NUMBER_1S_0S_1,1.0
110,SPLIT_N_MAXIMUM_COMPOSITE_NUMBERS,0.4
111,SPLIT_N_MAXIMUM_COMPOSITE_NUMBERS,0.0
112,CHECK_IF_ALL_THE_ELEMENTS_CAN_BE_MADE_OF_SAME_PARITY_BY_INVERTING_ADJACENT_ELEMENTS,0.9
113,CEILING_IN_A_SORTED_ARRAY,0.7
114,NUMBER_N_DIGIT_STEPPING_NUMBERS,1.0
115,DYNAMIC_PROGRAMMING_SET_36_CUT_A_ROPE_TO_MAXIMIZE_PRODUCT_1,0.1
116,SPLIT_N_MAXIMUM_COMPOSITE_NUMBERS,0.2
117,PAINTING_FENCE_ALGORITHM,1.0
118,PRIMALITY_TEST_SET_1_INTRODUCTION_AND_SCHOOL_METHOD_1,0.2
119,STEINS_ALGORITHM_FOR_FINDING_GCD,1.0
120,FIND_ONE_EXTRA_CHARACTER_STRING_1,1.0
121,SMALLEST_POWER_OF_2_GREATER_THAN_OR_EQUAL_TO_N,0.1
122,COUNT_SUBARRAYS_EQUAL_NUMBER_1S_0S,1.0
123,SQUARED_TRIANGULAR_NUMBER_SUM_CUBES,0.1
124,REARRANGE_ARRAY_MAXIMUM_MINIMUM_FORM_SET_2_O1_EXTRA_SPACE,0.8
125,FIND_SUM_ODD_FACTORS_NUMBER,0.2
126,SUBSEQUENCES_SIZE_THREE_ARRAY_WHOSE_SUM_DIVISIBLE_M,0.8
127,FIRST_UPPERCASE_LETTER_IN_A_STRING_ITERATIVE_AND_RECURSIVE,0.1
128,ADD_1_TO_A_GIVEN_NUMBER,0.7
129,PRIMALITY_TEST_SET_5USING_LUCAS_LEHMER_SERIES,0.2
130,ELEMENTS_TO_BE_ADDED_SO_THAT_ALL_ELEMENTS_OF_A_RANGE_ARE_PRESENT_IN_ARRAY_1,1.0
131,NUMBER_OF_SUBSTRINGS_WITH_ODD_DECIMAL_VALUE_IN_A_BINARY_STRING,0.5
132,COMPOSITE_NUMBER,0.1
133,FIND_INDEX_OF_AN_EXTRA_ELEMENT_PRESENT_IN_ONE_SORTED_ARRAY,0.8
134,C_PROGRAM_FACTORIAL_NUMBER_1,1.0
135,RECURSIVE_C_PROGRAM_LINEARLY_SEARCH_ELEMENT_GIVEN_ARRAY,1.0
136,COMPOSITE_NUMBER,0.1
137,REMOVE_MINIMUM_NUMBER_ELEMENTS_NO_COMMON_ELEMENT_EXIST_ARRAY,0.8
138,ARRAY_RANGE_QUERIES_ELEMENTS_FREQUENCY_VALUE,0.4
139,REMOVE_MINIMUM_ELEMENTS_EITHER_SIDE_2MIN_MAX,1.0
140,COUNT_PAIRS_DIFFERENCE_EQUAL_K,0.4
141,FIND_LARGEST_PRIME_FACTOR_NUMBER,0.9
142,CHECK_IF_A_NUMBER_IS_JUMBLED_OR_NOT,0.5
143,DYCK_PATH,1.0
144,SMALLEST_OF_THREE_INTEGERS_WITHOUT_COMPARISON_OPERATORS,1.0
145,SMALLEST_POWER_OF_2_GREATER_THAN_OR_EQUAL_TO_N_1,0.0
146,CHECK_REVERSING_SUB_ARRAY_MAKE_ARRAY_SORTED_1,0.2
147,SMALLEST_SUM_CONTIGUOUS_SUBARRAY,1.0
148,FIND_LAST_DIGIT_FACTORIAL_DIVIDES_FACTORIAL_B,0.5
149,EVEN_FIBONACCI_NUMBERS_SUM,0.0
150,SUM_SERIES_12_32_52_2N_12,1.0
151,SUM_FACTORS_NUMBER,0.8
152,SUM_MATRIX_ELEMENT_ABSOLUTE_DIFFERENCE_ROW_COLUMN_NUMBERS_1,1.0
153,MINIMIZE_SUM_PRODUCT_TWO_ARRAYS_PERMUTATIONS_ALLOWED,0.8
154,MAXIMUM_PRODUCT_SUBSET_ARRAY,0.7
155,HOW_TO_CHECK_IF_A_GIVEN_ARRAY_REPRESENTS_A_BINARY_HEAP,0.4
156,FIND_INDEX_OF_AN_EXTRA_ELEMENT_PRESENT_IN_ONE_SORTED_ARRAY_1,1.0
157,MARKOV_MATRIX,0.7
158,CHECK_REVERSING_SUB_ARRAY_MAKE_ARRAY_SORTED_1,0.2
159,CHECK_POSSIBLE_SORT_ARRAY_CONDITIONAL_SWAPPING_ADJACENT_ALLOWED,0.4
160,MAXIMUM_SUM_SUBSEQUENCE_LEAST_K_DISTANT_ELEMENTS,0.7
161,COUNT_WORDS_APPEAR_EXACTLY_TWO_TIMES_ARRAY_WORDS,0.9
162,DYNAMIC_PROGRAMMING_SET_36_CUT_A_ROPE_TO_MAXIMIZE_PRODUCT_1,1.0
163,STOOGE_SORT,0.1
164,COUNT_SORTED_ROWS_MATRIX,0.3
165,COUNT_SET_BITS_IN_AN_INTEGER_2,1.0
166,COMPOSITE_NUMBER,0.1
167,REMOVE_MINIMUM_NUMBER_ELEMENTS_NO_COMMON_ELEMENT_EXIST_ARRAY,0.8
168,COUNT_FACTORIAL_NUMBERS_IN_A_GIVEN_RANGE,0.1
169,FIND_SUM_ODD_FACTORS_NUMBER,0.9
170,DOUBLE_FACTORIAL_1,1.0
171,SQUARE_ROOT_OF_AN_INTEGER_1,1.0
172,NUMBER_WAYS_NODE_MAKE_LOOP_SIZE_K_UNDIRECTED_COMPLETE_CONNECTED_GRAPH_N_NODES,0.0
173,SUM_FAI_AJ_PAIRS_ARRAY_N_INTEGERS,1.0
174,FIND_THE_NUMBER_OCCURRING_ODD_NUMBER_OF_TIMES,1.0
175,SORT_EVEN_NUMBERS_ASCENDING_ORDER_SORT_ODD_NUMBERS_DESCENDING_ORDER_1,0.9
176,CEILING_IN_A_SORTED_ARRAY_1,0.9
177,FIND_THE_ELEMENT_BEFORE_WHICH_ALL_THE_ELEMENTS_ARE_SMALLER_THAN_IT_AND_AFTER_WHICH_ALL_ARE_GREATER_THAN_IT,0.3
178,LONGEST_PREFIX_ALSO_SUFFIX_1,1.0
179,FLOOR_IN_A_SORTED_ARRAY_1,1.0
180,SUM_DIVISORS_1_N_1,1.0
181,BINARY_SEARCH,0.1
182,FIND_LARGEST_PRIME_FACTOR_NUMBER,1.0
183,MINIMUM_SUM_TWO_NUMBERS_FORMED_DIGITS_ARRAY_2,0.9
184,WRITE_A_C_PROGRAM_TO_CALCULATE_POWXN,1.0
185,MAXIMUM_NUMBER_CHOCOLATES_DISTRIBUTED_EQUALLY_AMONG_K_STUDENTS,0.6
186,MINIMUM_FLIP_REQUIRED_MAKE_BINARY_MATRIX_SYMMETRIC_1,0.9
187,MAXIMUM_PRODUCT_SUBSET_ARRAY,0.7
188,MAXIMUM_HEIGHT_OF_TRIANGULAR_ARRANGEMENT_OF_ARRAY_VALUES,0.8
189,SUBARRAYS_DISTINCT_ELEMENTS,1.0
190,CHECK_WHETHER_TWO_STRINGS_ARE_ANAGRAM_OF_EACH_OTHER,1.0
191,COUNT_NUMBER_OF_WAYS_TO_FILL_A_N_X_4_GRID_USING_1_X_4_TILES,1.0
192,MAGICAL_INDICES_ARRAY,1.0
193,FIND_SUM_MODULO_K_FIRST_N_NATURAL_NUMBER,0.9
194,WRITE_ONE_LINE_C_FUNCTION_TO_FIND_WHETHER_A_NO_IS_POWER_OF_TWO,0.0
195,FIND_LARGEST_D_IN_ARRAY_SUCH_THAT_A_B_C_D_1,1.0
196,CHECK_IF_A_NUMBER_IS_JUMBLED_OR_NOT,0.5
197,FIND_THE_MISSING_NUMBER_1,1.0
198,COUNT_NUMBER_OF_SOLUTIONS_OF_X2_1_MOD_P_IN_GIVEN_RANGE,0.9
199,SUM_PAIRWISE_PRODUCTS,1.0
200,FIND_THE_MAXIMUM_ELEMENT_IN_AN_ARRAY_WHICH_IS_FIRST_INCREASING_AND_THEN_DECREASING,0.7
201,DIAGONALLY_DOMINANT_MATRIX,0.7
202,NUMBER_N_DIGIT_STEPPING_NUMBERS,1.0
203,MINIMUM_COST_MAKE_ARRAY_SIZE_1_REMOVING_LARGER_PAIRS,0.3
204,FIND_REPETITIVE_ELEMENT_1_N_1,1.0
205,K_TH_MISSING_ELEMENT_INCREASING_SEQUENCE_NOT_PRESENT_GIVEN_SEQUENCE,0.3
206,FIBONACCI_MODULO_P,1.0
