,key,mutation score
0,while__0__GIVEN_A_SORTED_AND_ROTATED_ARRAY_FIND_IF_THERE_IS_A_PAIR_WITH_A_GIVEN_SUM_1,0.19999999999999996
1,if__0__SMALLEST_OF_THREE_INTEGERS_WITHOUT_COMPARISON_OPERATORS_1,0.9
2,for__2__FIND_NUMBER_TRANSFORMATION_MAKE_TWO_MATRIX_EQUAL,0.9
3,for__0__FIND_SUBARRAY_WITH_GIVEN_SUM_1,0.8
4,if__0__PRIME_NUMBERS,0.8
5,for__0__DECIMAL_REPRESENTATION_GIVEN_BINARY_STRING_DIVISIBLE_10_NOT,0.19999999999999996
6,for__0__K_TH_DISTINCT_OR_NON_REPEATING_ELEMENT_IN_AN_ARRAY_1,0.4
7,if__0__CHECK_WHETHER_TRIANGLE_VALID_NOT_SIDES_GIVEN,1.0
8,if__0__NUMBER_JUMP_REQUIRED_GIVEN_LENGTH_REACH_POINT_FORM_D_0_ORIGIN_2D_PLANE,0.4
9,for__0__K_TH_PRIME_FACTOR_GIVEN_NUMBER,0.19999999999999996
10,while__0__DECIMAL_BINARY_CONVERSION_WITHOUT_USING_ARITHMETIC_OPERATORS,1.0
11,while__0__COUNT_PAIRS_DIFFERENCE_EQUAL_K_1,1.0
12,for__0__SUM_NODES_K_TH_LEVEL_TREE_REPRESENTED_STRING,1.0
13,if__2__TRIANGULAR_NUMBERS_1,0.0
14,for__0__PROGRAM_PRINT_IDENTITY_MATRIX_1,0.7272727272727273
15,for__0__BREAK_NUMBER_THREE_PARTS,1.0
16,if__0__ARRAY_ELEMENT_MOVED_K_USING_SINGLE_MOVES,1.0
17,while__0__PROGRAM_BINARY_DECIMAL_CONVERSION,1.0
18,for__0__POSSIBLE_FORM_TRIANGLE_ARRAY_VALUES,1.0
19,if__0__CHECK_IF_STRING_REMAINS_PALINDROME_AFTER_REMOVING_GIVEN_NUMBER_OF_CHARACTERS,0.4
20,while__0__GNOME_SORT_A_STUPID_ONE,1.0
21,for__0__MAXIMUM_VALUE_CHOICE_EITHER_DIVIDING_CONSIDERING,1.0
22,while__0__WRITE_A_C_PROGRAM_TO_FIND_THE_PARITY_OF_AN_UNSIGNED_INTEGER,0.5
23,for__0__STRING_CONTAINING_FIRST_LETTER_EVERY_WORD_GIVEN_STRING_SPACES,1.0
24,if__1__MINIMUM_SUM_SUBSEQUENCE_LEAST_ONE_EVERY_FOUR_CONSECUTIVE_ELEMENTS_PICKED,1.0
25,for__2__SCHEDULE_JOBS_SERVER_GETS_EQUAL_LOAD,0.9
26,for__2__MOVE_VE_ELEMENTS_END_ORDER_EXTRA_SPACE_ALLOWED,0.4
27,for__2__LENGTH_LONGEST_STRICT_BITONIC_SUBSEQUENCE,1.0
28,if__0__LONGEST_REPEATING_AND_NON_OVERLAPPING_SUBSTRING,1.0
29,for__0__HIGHWAY_BILLBOARD_PROBLEM,0.0
30,for__1__FIND_MAXIMUM_AVERAGE_SUBARRAY_OF_K_LENGTH_1,0.30000000000000004
31,for__1__INTEGER_POSITIVE_VALUE_POSITIVE_NEGATIVE_VALUE_ARRAY,1.0
32,if__0__FIND_LARGEST_D_IN_ARRAY_SUCH_THAT_A_B_C_D,0.8
33,for__0__COUNT_PAIRS_WHOSE_PRODUCTS_EXIST_IN_ARRAY,0.6
34,while__0__SUM_K_TH_GROUP_ODD_POSITIVE_NUMBERS,1.0
35,for__0__SUBSEQUENCES_SIZE_THREE_ARRAY_WHOSE_SUM_DIVISIBLE_M_1,0.8
36,for__0__NUMBER_SUBSEQUENCES_FORM_AI_BJ_CK,0.4
37,for__0__LARGEST_SUBSEQUENCE_GCD_GREATER_1,0.7
38,if__0__LENGTH_OF_THE_LONGEST_ARITHMATIC_PROGRESSION_IN_A_SORTED_ARRAY,0.7
39,if__0__FIND_MAXIMUM_PRODUCT_OF_A_TRIPLET_IN_ARRAY_1,0.09999999999999998
40,for__0__SEARCH_INSERT_AND_DELETE_IN_AN_UNSORTED_ARRAY,0.4
41,for__0__PRIMALITY_TEST_SET_1_INTRODUCTION_AND_SCHOOL_METHOD,0.8
42,while__0__FIND_INDEX_GIVEN_FIBONACCI_NUMBER_CONSTANT_TIME,1.0
43,if__0__FREQUENT_ELEMENT_ARRAY,0.5
44,for__0__MAXIMUM_CONSECUTIVE_NUMBERS_PRESENT_ARRAY,1.0
45,for__1__NUMBER_OF_BINARY_TREES_FOR_GIVEN_PREORDER_SEQUENCE_LENGTH,1.0
46,if__0__COUNT_NUMBERS_CAN_CONSTRUCTED_USING_TWO_NUMBERS,0.8
47,for__0__HORNERS_METHOD_POLYNOMIAL_EVALUATION,1.0
48,if__0__MULTIPLY_LARGE_NUMBERS_REPRESENTED_AS_STRINGS,1.0
49,for__0__FIND_THE_ELEMENT_THAT_APPEARS_ONCE,1.0
50,if__0__MIDDLE_OF_THREE_USING_MINIMUM_COMPARISONS_2,1.0
51,for__1__MOVE_VE_ELEMENTS_END_ORDER_EXTRA_SPACE_ALLOWED,0.4
52,while__0__CHECK_NUMBER_POWER_K_USING_BASE_CHANGING_METHOD,0.6
53,while__0__LOWER_INSERTION_POINT,0.09999999999999998
54,for__1__LARGEST_SUBARRAY_WITH_EQUAL_NUMBER_OF_0S_AND_1S_1,0.0
55,for__1__COUNT_PAIRS_WHOSE_PRODUCTS_EXIST_IN_ARRAY_1,0.5
56,for__0__REARRANGE_ARRAY_MAXIMUM_MINIMUM_FORM_SET_2_O1_EXTRA_SPACE_1,1.0
57,for__0__NON_REPEATING_ELEMENT,0.7
58,for__1__MAXIMUM_SUM_IARRI_AMONG_ROTATIONS_GIVEN_ARRAY_1,1.0
59,for__0__COUNT_TRAILING_ZEROES_FACTORIAL_NUMBER,0.9
60,if__0__MINIMIZE_THE_MAXIMUM_DIFFERENCE_BETWEEN_THE_HEIGHTS,0.4
61,if__0__CHECK_STRING_FOLLOWS_ANBN_PATTERN_NOT,0.09999999999999998
62,for__1__COUNT_PAIRS_TWO_SORTED_ARRAYS_WHOSE_SUM_EQUAL_GIVEN_VALUE_X_1,1.0
63,while__0__NTH_MULTIPLE_NUMBER_FIBONACCI_SERIES,1.0
64,for__1__STRING_K_DISTINCT_CHARACTERS_NO_CHARACTERS_ADJACENT,1.0
65,for__0__PROGRAM_TO_CHECK_IF_A_MATRIX_IS_SYMMETRIC,0.8181818181818181
66,for__0__FORM_MINIMUM_NUMBER_FROM_GIVEN_SEQUENCE_1,1.0
67,for__0__CHECK_GIVEN_MATRIX_SPARSE_NOT,0.5
68,if__0__LARGEST_SUBARRAY_WITH_EQUAL_NUMBER_OF_0S_AND_1S,0.0
69,for__0__COUNT_NUMBER_WAYS_TILE_FLOOR_SIZE_N_X_M_USING_1_X_M_SIZE_TILES,1.0
70,for__2__MAXIMUM_SUM_BITONIC_SUBARRAY,0.9
71,for__1__SUBSEQUENCES_SIZE_THREE_ARRAY_WHOSE_SUM_DIVISIBLE_M_1,0.8
72,while__0__GIVEN_A_SORTED_AND_ROTATED_ARRAY_FIND_IF_THERE_IS_A_PAIR_WITH_A_GIVEN_SUM,0.09999999999999998
73,if__0__WRITE_YOU_OWN_POWER_WITHOUT_USING_MULTIPLICATION_AND_DIVISION,1.0
74,if__1__CHECK_GIVEN_SENTENCE_GIVEN_SET_SIMPLE_GRAMMER_RULES,0.4
75,if__0__FIND_TRIPLETS_ARRAY_WHOSE_SUM_EQUAL_ZERO_1,0.0
76,for__0__COUNT_EVEN_LENGTH_BINARY_SEQUENCES_WITH_SAME_SUM_OF_FIRST_AND_SECOND_HALF_BITS_1,1.0
77,while__0__FIND_MINIMUM_NUMBER_DIVIDED_MAKE_NUMBER_PERFECT_SQUARE,0.9
78,for__0__COUNT_OF_PAIRS_SATISFYING_THE_GIVEN_CONDITION,0.0
79,while__0__MODULUS_TWO_FLOAT_DOUBLE_NUMBERS,0.5
80,for__0__COUNT_NUMBER_OF_OCCURRENCES_OR_FREQUENCY_IN_A_SORTED_ARRAY,0.7
81,for__0__COUNT_POSSIBLE_WAYS_TO_CONSTRUCT_BUILDINGS,1.0
82,if__1__FIND_WHETHER_AN_ARRAY_IS_SUBSET_OF_ANOTHER_ARRAY_SET_1_1,0.09999999999999998
83,for__0__MAXIMUM_SUM_IARRI_AMONG_ROTATIONS_GIVEN_ARRAY_1,0.9
84,if__0__FIND_MINIMUM_NUMBER_DIVIDED_MAKE_NUMBER_PERFECT_SQUARE,0.30000000000000004
85,for__0__SUM_OF_ALL_ELEMENTS_UP_TO_NTH_ROW_IN_A_PASCALS_TRIANGLE,1.0
86,while__0__ALTERNATIVE_SORTING,0.0
87,for__0__COUNT_NUMBER_OF_STRINGS_MADE_OF_R_G_AND_B_USING_GIVEN_COMBINATION,0.09999999999999998
88,for__0__QUERIES_COUNTS_ARRAY_ELEMENTS_VALUES_GIVEN_RANGE,0.09999999999999998
89,for__0__SUM_MATRIX_ELEMENT_ELEMENT_INTEGER_DIVISION_ROW_COLUMN,1.0
90,if__1__MULTIPLY_LARGE_NUMBERS_REPRESENTED_AS_STRINGS,1.0
91,for__0__TOTAL_NUMBER_OF_NON_DECREASING_NUMBERS_WITH_N_DIGITS_1,1.0
92,if__1__DECIMAL_REPRESENTATION_GIVEN_BINARY_STRING_DIVISIBLE_10_NOT,0.5
93,for__0__SUM_MIDDLE_ROW_COLUMN_MATRIX,0.0
94,for__1__MAXIMUM_CONSECUTIVE_NUMBERS_PRESENT_ARRAY,1.0
95,for__0__FIND_MAXIMUM_AVERAGE_SUBARRAY_OF_K_LENGTH_1,0.0
96,if__0__SUM_FIBONACCI_NUMBERS,1.0
97,for__0__DISTRIBUTING_ITEMS_PERSON_CANNOT_TAKE_TWO_ITEMS_TYPE,0.19999999999999996
98,if__1__FIND_SUM_EVEN_FACTORS_NUMBER,1.0
99,while__0__POLICEMEN_CATCH_THIEVES,1.0
100,if__0__FIND_WHETHER_A_GIVEN_NUMBER_IS_A_POWER_OF_4_OR_NOT_1,0.9
101,if__1__LEXICOGRAPHICALLY_NEXT_STRING,1.0
102,for__0__MINIMUM_ROTATIONS_REQUIRED_GET_STRING,0.09999999999999998
103,if__1__CHECK_LARGE_NUMBER_DIVISIBLE_13_NOT,0.6
104,if__2__SEARCH_INSERT_AND_DELETE_IN_A_SORTED_ARRAY,1.0
105,for__0__FIND_PERMUTED_ROWS_GIVEN_ROW_MATRIX,0.0
106,if__0__WAYS_REMOVE_ONE_ELEMENT_BINARY_STRING_XOR_BECOMES_ZERO,1.0
107,if__1__LONGEST_COMMON_SUBSEQUENCE_WITH_AT_MOST_K_CHANGES_ALLOWED,0.0
108,while__0__K_TH_PRIME_FACTOR_GIVEN_NUMBER,0.4
109,if__0__PROGRAM_TO_FIND_REMAINDER_WITHOUT_USING_MODULO_OR_OPERATOR_1,0.0
110,if__0__MIDDLE_OF_THREE_USING_MINIMUM_COMPARISONS,1.0
111,if__1__CONVERTING_ONE_STRING_USING_APPEND_DELETE_LAST_OPERATIONS,0.6
112,for__0__COUNT_OFDIFFERENT_WAYS_EXPRESS_N_SUM_1_3_4,1.0
113,for__0__MAXIMUM_NUMBER_CHARACTERS_TWO_CHARACTER_STRING,0.30000000000000004
114,if__0__MODULUS_TWO_FLOAT_DOUBLE_NUMBERS,0.19999999999999996
115,for__1__K_SMALLEST_ELEMENTS_ORDER_USING_O1_EXTRA_SPACE,0.19999999999999996
116,for__0__FRIENDS_PAIRING_PROBLEM,1.0
117,while__0__POSITIVE_ELEMENTS_EVEN_NEGATIVE_ODD_POSITIONS,0.30000000000000004
118,if__0__FIND_VALUE_OF_Y_MOD_2_RAISED_TO_POWER_X,0.0
119,for__0__COUNT_INDEX_PAIRS_EQUAL_ELEMENTS_ARRAY_1,0.6
120,for__0__COMPUTE_N_UNDER_MODULO_P,0.4
121,for__0__HARDY_RAMANUJAN_THEOREM,0.30000000000000004
122,for__0__PROGRAM_CHECK_ARRAY_SORTED_NOT_ITERATIVE_RECURSIVE_1,0.5
123,for__0__REARRANGE_ARRAY_MAXIMUM_MINIMUM_FORM,1.0
124,for__0__SPLIT_ARRAY_ADD_FIRST_PART_END,0.7
125,for__0__ROW_WISE_COMMON_ELEMENTS_TWO_DIAGONALS_SQUARE_MATRIX,0.4
126,if__1__FIND_MINIMUM_NUMBER_DIVIDED_MAKE_NUMBER_PERFECT_SQUARE,0.9
127,for__1__FIND_PAIRS_GIVEN_SUM_ELEMENTS_PAIR_DIFFERENT_ROWS,0.5
128,for__0__MAXIMIZE_SUM_ARRII,0.9
129,while__0__NUMBER_DIGITS_PRODUCT_TWO_NUMBERS,1.0
130,while__1__PROGRAM_CHECK_PLUS_PERFECT_NUMBER,0.19999999999999996
131,if__0__FIND_WHETHER_A_GIVEN_NUMBER_IS_A_POWER_OF_4_OR_NOT,0.0
132,for__1__FIND_PERMUTED_ROWS_GIVEN_ROW_MATRIX,0.0
133,if__2__MULTIPLY_TWO_NUMBERS_WITHOUT_USING_MULTIPLY_DIVISION_BITWISE_OPERATORS_AND_NO_LOOPS,1.0
134,while__0__PROGRAM_CHECK_PLUS_PERFECT_NUMBER,0.19999999999999996
135,for__0__COUNT_PAIRS_TWO_SORTED_ARRAYS_WHOSE_SUM_EQUAL_GIVEN_VALUE_X_1,0.19999999999999996
136,while__0__FAST_MULTIPLICATION_METHOD_WITHOUT_USING_MULTIPLICATION_OPERATOR_RUSSIAN_PEASANTS_ALGORITHM,1.0
137,for__0__NTH_EVEN_LENGTH_PALINDROME,1.0
138,for__0__MINIMUM_NUMBER_SUBSETS_DISTINCT_ELEMENTS,1.0
139,for__1__COUNT_NUMBER_WAYS_REACH_GIVEN_SCORE_GAME,1.0
140,for__1__CHANGE_ARRAY_PERMUTATION_NUMBERS_1_N,0.9
141,for__0__FREQUENT_ELEMENT_ARRAY,0.5
142,for__0__SEARCH_INSERT_AND_DELETE_IN_A_SORTED_ARRAY_1,0.4
143,for__0__COUNT_NEGATIVE_NUMBERS_IN_A_COLUMN_WISE_ROW_WISE_SORTED_MATRIX,1.0
144,for__0__SQUARE_PYRAMIDAL_NUMBER_SUM_SQUARES,0.6
145,for__1__PRINT_MAXIMUM_SHORTEST_DISTANCE,1.0
146,for__0__SEGREGATE_EVEN_ODD_NUMBERS_SET_3,0.0
147,while__0__CHECK_IF_A_NUMBER_IS_POWER_OF_ANOTHER_NUMBER,0.4
148,for__0__C_PROGRAM_CONCATENATE_STRING_GIVEN_NUMBER_TIMES,1.0
149,for__1__K_TH_DISTINCT_OR_NON_REPEATING_ELEMENT_IN_AN_ARRAY_1,0.4
150,for__0__SUM_MANHATTAN_DISTANCES_PAIRS_POINTS,0.9
151,for__0__FIND_FIRST_NATURAL_NUMBER_WHOSE_FACTORIAL_DIVISIBLE_X,1.0
152,while__0__ODD_EVEN_SORT_BRICK_SORT,0.5
153,if__0__CHECK_EXIST_TWO_ELEMENTS_ARRAY_WHOSE_SUM_EQUAL_SUM_REST_ARRAY,0.6
154,for__0__MINIMUM_XOR_VALUE_PAIR,0.8
155,for__1__SCHEDULE_JOBS_SERVER_GETS_EQUAL_LOAD,0.0
156,while__0__COUNT_PAIRS_TWO_SORTED_ARRAYS_WHOSE_SUM_EQUAL_GIVEN_VALUE_X_2,0.30000000000000004
157,for__0__CHECK_NUMBER_IS_PERFECT_SQUARE_USING_ADDITIONSUBTRACTION,0.6
158,if__0__FORM_MINIMUM_NUMBER_FROM_GIVEN_SEQUENCE_1,1.0
159,for__0__CHECK_WHETHER_ARITHMETIC_PROGRESSION_CAN_FORMED_GIVEN_ARRAY,0.6
160,if__0__CHECK_GIVEN_STRING_CAN_SPLIT_FOUR_DISTINCT_STRINGS,0.4
161,while__0__COUNT_NUMBERS_THAT_DONT_CONTAIN_3,1.0
162,for__0__MAXIMUM_POSSIBLE_DIFFERENCE_TWO_SUBSETS_ARRAY,0.8
163,while__0__PROGRAM_TO_FIND_REMAINDER_WITHOUT_USING_MODULO_OR_OPERATOR_2,0.6
164,for__1__MINIMUM_STEPS_MINIMIZE_N_PER_GIVEN_CONDITION,1.0
165,for__0__NUMBER_NON_NEGATIVE_INTEGRAL_SOLUTIONS_B_C_N,1.0
166,if__3__LONGEST_COMMON_SUBSEQUENCE_WITH_AT_MOST_K_CHANGES_ALLOWED,0.0
167,for__0__MINIMUM_SUM_SUBSEQUENCE_LEAST_ONE_EVERY_FOUR_CONSECUTIVE_ELEMENTS_PICKED,0.6
168,for__1__CHECK_EXIST_TWO_ELEMENTS_ARRAY_WHOSE_SUM_EQUAL_SUM_REST_ARRAY,0.6
169,for__0__SUM_FIBONACCI_NUMBERS,1.0
170,if__0__FIND_UNIT_DIGIT_X_RAISED_POWER_Y_1,1.0
171,if__0__PAIR_WITH_GIVEN_PRODUCT_SET_1_FIND_IF_ANY_PAIR_EXISTS_1,0.09999999999999998
172,if__0__FIND_TRIPLETS_ARRAY_WHOSE_SUM_EQUAL_ZERO,0.0
173,if__1__SCHEDULE_JOBS_SERVER_GETS_EQUAL_LOAD,1.0
174,for__0__GIVEN_A_SORTED_AND_ROTATED_ARRAY_FIND_IF_THERE_IS_A_PAIR_WITH_A_GIVEN_SUM,0.09999999999999998
175,while__0__LEXICOGRAPHICALLY_NEXT_STRING,1.0
176,for__0__ANALYSIS_OF_ALGORITHMS_SET_2_ASYMPTOTIC_ANALYSIS,0.4
177,if__0__LEXICOGRAPHICALLY_NEXT_STRING,0.5
178,for__0__POSITION_ELEMENT_STABLE_SORT,1.0
179,for__0__EULERS_CRITERION_CHECK_IF_SQUARE_ROOT_UNDER_MODULO_P_EXISTS,0.30000000000000004
180,if__0__MINIMIZE_THE_SUM_OF_DIGITS_OF_A_AND_B_SUCH_THAT_A_B_N,1.0
181,for__0__WRITE_YOU_OWN_POWER_WITHOUT_USING_MULTIPLICATION_AND_DIVISION,1.0
182,for__1__LENGTH_LONGEST_STRICT_BITONIC_SUBSEQUENCE,0.9
183,for__0__K_TH_DISTINCT_OR_NON_REPEATING_ELEMENT_IN_AN_ARRAY,0.4
184,for__0__FIND_PAIR_WITH_GREATEST_PRODUCT_IN_ARRAY,0.6
185,for__1__SQUARES_OF_MATRIX_DIAGONAL_ELEMENTS,0.0
186,for__0__FIND_SUM_NON_REPEATING_DISTINCT_ELEMENTS_ARRAY,1.0
187,for__0__FIND_MAXIMUM_HEIGHT_PYRAMID_FROM_THE_GIVEN_ARRAY_OF_OBJECTS,1.0
188,if__1__HARDY_RAMANUJAN_THEOREM,1.0
189,for__0__MULTIPLY_LARGE_NUMBERS_REPRESENTED_AS_STRINGS,1.0
190,if__0__COMPUTE_N_UNDER_MODULO_P,1.0
191,if__2__NUMBER_JUMP_REQUIRED_GIVEN_LENGTH_REACH_POINT_FORM_D_0_ORIGIN_2D_PLANE,0.4
192,for__0__PAIR_WITH_GIVEN_PRODUCT_SET_1_FIND_IF_ANY_PAIR_EXISTS_1,0.09999999999999998
193,if__0__NUMBER_DIGITS_PRODUCT_TWO_NUMBERS,1.0
194,for__0__LEXICOGRAPHICALLY_MINIMUM_STRING_ROTATION,1.0
195,for__0__PROGRAM_PRINT_SUM_GIVEN_NTH_TERM,1.0
196,if__0__NUMBER_DIGITS_PRODUCT_TWO_NUMBERS_1,0.0
197,for__0__COUNT_CHARACTERS_STRING_DISTANCE_ENGLISH_ALPHABETS,0.8
198,for__1__THIRD_LARGEST_ELEMENT_ARRAY_DISTINCT_ELEMENTS,0.0
199,for__1__CONVERT_STRICTLY_INCREASING_ARRAY_MINIMUM_CHANGES,0.9
200,if__0__MINIMUM_PERIMETER_N_BLOCKS,1.0
201,for__0__CHECK_GIVEN_STRING_CAN_SPLIT_FOUR_DISTINCT_STRINGS,0.0
202,for__0__COUNT_NUMBER_WAYS_REACH_GIVEN_SCORE_GAME,1.0
203,if__1__PROGRAM_TO_FIND_REMAINDER_WITHOUT_USING_MODULO_OR_OPERATOR_1,0.0
204,while__0__CHECK_STRING_FOLLOWS_ANBN_PATTERN_NOT,0.9
205,for__0__N_TH_NUMBER_WHOSE_SUM_OF_DIGITS_IS_TEN_1,1.0
206,while__0__REARRANGE_POSITIVE_AND_NEGATIVE_NUMBERS_PUBLISH,0.30000000000000004
207,for__0__CONSTRUCT_LEXICOGRAPHICALLY_SMALLEST_PALINDROME,1.0
208,for__0__FINDING_POWER_PRIME_NUMBER_P_N,0.8
209,if__0__EFFICIENT_WAY_CHECK_WHETHER_N_TH_FIBONACCI_NUMBER_MULTIPLE_10,0.4
210,if__0__FIND_SUM_EVEN_FACTORS_NUMBER,1.0
211,for__0__PRODUCT_NODES_K_TH_LEVEL_TREE_REPRESENTED_STRING,1.0
212,if__0__FIND_THE_FIRST_MISSING_NUMBER,0.30000000000000004
213,while__0__PROGRAM_TO_FIND_REMAINDER_WITHOUT_USING_MODULO_OR_OPERATOR_1,1.0
214,for__1__GOLD_MINE_PROBLEM,0.9
215,for__0__COUNT_DISTINCT_NON_NEGATIVE_PAIRS_X_Y_SATISFY_INEQUALITY_XX_YY_N_2,1.0
216,if__0__PROGRAM_FIND_STRING_START_END_GEEKS,0.0
217,for__1__SUM_LARGEST_PRIME_FACTOR_NUMBER_LESS_EQUAL_N,1.0
218,if__0__CHECK_ARRAY_REPRESENTS_INORDER_BINARY_SEARCH_TREE_NOT,0.4
219,if__0__NEXT_POWER_OF_2_1,0.0
220,for__0__FIND_MINIMUM_SUM_FACTORS_NUMBER,0.9
221,if__0__COUNT_OF_PAIRS_SATISFYING_THE_GIVEN_CONDITION,0.8
222,for__0__LONGEST_SUBSEQUENCE_SUCH_THAT_DIFFERENCE_BETWEEN_ADJACENTS_IS_ONE,0.6
223,if__0__POSSIBLE_FORM_TRIANGLE_ARRAY_VALUES,1.0
224,while__0__MINIMIZE_THE_SUM_OF_DIGITS_OF_A_AND_B_SUCH_THAT_A_B_N,1.0
225,if__0__LOWER_INSERTION_POINT,0.09999999999999998
226,if__0__MOVE_VE_ELEMENTS_END_ORDER_EXTRA_SPACE_ALLOWED,0.4
227,for__0__MAXIMUM_TRIPLET_SUM_ARRAY,1.0
228,for__0__HOW_CAN_WE_SUM_THE_DIGITS_OF_A_GIVEN_NUMBER_IN_SINGLE_STATEMENT_1,1.0
229,if__0__K_TH_PRIME_FACTOR_GIVEN_NUMBER,0.30000000000000004
230,for__2__PROGRAM_CENSOR_WORD_ASTERISKS_SENTENCE,1.0
231,if__0__PROGRAM_CHECK_ARRAY_SORTED_NOT_ITERATIVE_RECURSIVE_1,0.5
232,for__0__TILING_WITH_DOMINOES,1.0
233,if__0__FORM_SMALLEST_NUMBER_USING_ONE_SWAP_OPERATION,1.0
234,for__0__COUNT_MINIMUM_NUMBER_SUBSETS_SUBSEQUENCES_CONSECUTIVE_NUMBERS,0.9
235,for__0__THIRD_LARGEST_ELEMENT_ARRAY_DISTINCT_ELEMENTS,0.0
236,for__0__FIND_PAIRS_GIVEN_SUM_ELEMENTS_PAIR_DIFFERENT_ROWS,0.5
237,while__0__FIND_WHETHER_A_GIVEN_NUMBER_IS_A_POWER_OF_4_OR_NOT,0.9
238,while__0__MULTIPLY_LARGE_INTEGERS_UNDER_LARGE_MODULO,1.0
239,for__0__COUNT_CHARACTERS_POSITION_ENGLISH_ALPHABETS,0.6
240,for__0__SORT_ARRAY_CONTAIN_1_N_VALUES,1.0
241,for__0__STRING_K_DISTINCT_CHARACTERS_NO_CHARACTERS_ADJACENT,1.0
242,for__1__FIND_SUM_EVEN_INDEX_BINOMIAL_COEFFICIENTS,0.4
243,for__0__LARGEST_SUM_CONTIGUOUS_SUBARRAY_2,1.0
244,if__0__FIND_INDEX_0_REPLACED_1_GET_LONGEST_CONTINUOUS_SEQUENCE_1S_BINARY_ARRAY,1.0
245,while__0__COUNT_SET_BITS_IN_AN_INTEGER,1.0
246,for__0__FIND_TRIPLETS_ARRAY_WHOSE_SUM_EQUAL_ZERO_1,0.0
247,while__0__COUNT_NUMBER_PAIRS_N_B_N_GCD_B_B,1.0
248,while__0__EFFICIENT_SEARCH_IN_AN_ARRAY_WHERE_DIFFERENCE_BETWEEN_ADJACENT_IS_1,0.5
249,for__0__MAXIMUM_TRIPLET_SUM_ARRAY_2,1.0
250,if__0__CHECK_GIVEN_SENTENCE_GIVEN_SET_SIMPLE_GRAMMER_RULES,0.4
251,while__0__CHECK_GIVEN_STRING_ROTATION_PALINDROME,0.7
252,if__1__MULTIPLY_TWO_NUMBERS_WITHOUT_USING_MULTIPLY_DIVISION_BITWISE_OPERATORS_AND_NO_LOOPS,1.0
253,for__0__PRIME_NUMBERS,0.8
254,if__0__REMAINDER_7_LARGE_NUMBERS,1.0
255,for__2__MAXIMUM_SUM_IARRI_AMONG_ROTATIONS_GIVEN_ARRAY_1,1.0
256,for__0__LONGEST_COMMON_SUBSTRING,1.0
257,for__1__SUM_SQUARES_BINOMIAL_COEFFICIENTS,1.0
258,for__0__MOVE_VE_ELEMENTS_END_ORDER_EXTRA_SPACE_ALLOWED,0.4
259,while__0__CIRCULAR_MATRIX_CONSTRUCT_A_MATRIX_WITH_NUMBERS_1_TO_MN_IN_SPIRAL_WAY,1.0
260,for__0__PROGRAM_CENSOR_WORD_ASTERISKS_SENTENCE,1.0
261,if__1__MINIMIZE_THE_MAXIMUM_DIFFERENCE_BETWEEN_THE_HEIGHTS,0.7
262,if__0__FIND_MAXIMUM_AVERAGE_SUBARRAY_OF_K_LENGTH_1,0.9
263,if__0__DECIMAL_REPRESENTATION_GIVEN_BINARY_STRING_DIVISIBLE_10_NOT,0.5
264,while__0__SEGREGATE_EVEN_ODD_NUMBERS_SET_3,0.30000000000000004
265,for__2__THIRD_LARGEST_ELEMENT_ARRAY_DISTINCT_ELEMENTS,0.0
266,while__0__PROGRAM_OCTAL_DECIMAL_CONVERSION,1.0
267,for__0__FIND_INDEX_0_REPLACED_1_GET_LONGEST_CONTINUOUS_SEQUENCE_1S_BINARY_ARRAY,0.4
268,for__0__FIND_UNIT_DIGIT_X_RAISED_POWER_Y,0.9
269,if__0__ZECKENDORFS_THEOREM_NON_NEIGHBOURING_FIBONACCI_REPRESENTATION,1.0
270,if__2__FIND_THE_FIRST_MISSING_NUMBER,1.0
271,for__0__DYNAMIC_PROGRAMMING_SET_12_LONGEST_PALINDROMIC_SUBSEQUENCE,0.8
272,if__0__FIND_WHETHER_AN_ARRAY_IS_SUBSET_OF_ANOTHER_ARRAY_SET_1_1,0.0
273,for__0__ARRAY_ELEMENT_MOVED_K_USING_SINGLE_MOVES,0.19999999999999996
274,for__0__FIND_MINIMUM_NUMBER_DIVIDED_MAKE_NUMBER_PERFECT_SQUARE,0.09999999999999998
275,for__0__LENGTH_LONGEST_SUB_STRING_CAN_MAKE_REMOVED,0.09999999999999998
276,if__2__COUNT_NUMBERS_THAT_DONT_CONTAIN_3,1.0
277,for__1__COUNT_NUMBER_OF_STRINGS_MADE_OF_R_G_AND_B_USING_GIVEN_COMBINATION,0.09999999999999998
278,for__1__COUNT_INDEX_PAIRS_EQUAL_ELEMENTS_ARRAY_1,0.6
279,for__0__SUM_OF_ALL_PROPER_DIVISORS_OF_A_NATURAL_NUMBER,0.5
280,if__0__COUNT_POSSIBLE_DECODINGS_GIVEN_DIGIT_SEQUENCE_1,1.0
281,for__0__NUMBER_OF_BINARY_TREES_FOR_GIVEN_PREORDER_SEQUENCE_LENGTH,1.0
282,while__0__SORT_AN_ARRAY_OF_0S_1S_AND_2S,0.8
283,for__0__CHECK_WHETHER_GIVEN_DEGREES_VERTICES_REPRESENT_GRAPH_TREE,0.4
284,while__0__COUNT_NEGATIVE_NUMBERS_IN_A_COLUMN_WISE_ROW_WISE_SORTED_MATRIX_1,0.9
285,for__0__COUNT_NATURAL_NUMBERS_WHOSE_PERMUTATION_GREATER_NUMBER,1.0
286,for__0__SUM_PAIRWISE_PRODUCTS_1,1.0
287,for__2__TOTAL_NUMBER_OF_NON_DECREASING_NUMBERS_WITH_N_DIGITS,1.0
288,if__0__MIDDLE_OF_THREE_USING_MINIMUM_COMPARISONS_1,1.0
289,for__2__MINIMUM_INSERTIONS_SORT_ARRAY,1.0
290,for__0__WAYS_REMOVE_ONE_ELEMENT_BINARY_STRING_XOR_BECOMES_ZERO,1.0
291,for__0__COUNT_DISTINCT_NON_NEGATIVE_PAIRS_X_Y_SATISFY_INEQUALITY_XX_YY_N_2_1,1.0
292,for__0__PROGRAM_FIND_SMALLEST_DIFFERENCE_ANGLES_TWO_PARTS_GIVEN_CIRCLE,0.9
293,for__1__FIND_NUMBER_TRANSFORMATION_MAKE_TWO_MATRIX_EQUAL,0.9
294,if__0__CHECK_WHETHER_ARITHMETIC_PROGRESSION_CAN_FORMED_GIVEN_ARRAY,0.6
295,while__0__MODULAR_EXPONENTIATION_POWER_IN_MODULAR_ARITHMETIC,1.0
296,if__1__NUMBER_JUMP_REQUIRED_GIVEN_LENGTH_REACH_POINT_FORM_D_0_ORIGIN_2D_PLANE,0.4
297,for__0__K_SMALLEST_ELEMENTS_ORDER_USING_O1_EXTRA_SPACE,0.19999999999999996
298,for__0__COUNT_BALANCED_BINARY_TREES_HEIGHT_H,1.0
299,for__0__BINARY_REPRESENTATION_OF_NEXT_NUMBER,1.0
300,while__0__MINIMUM_LENGTH_SUBARRAY_SUM_GREATER_GIVEN_VALUE,1.0
301,for__2__LONGEST_COMMON_INCREASING_SUBSEQUENCE_LCS_LIS,0.6
302,for__0__FIND_TRIPLETS_ARRAY_WHOSE_SUM_EQUAL_ZERO,0.0
303,while__0__FINDING_POWER_PRIME_NUMBER_P_N_1,0.5
304,if__0__PRIMALITY_TEST_SET_1_INTRODUCTION_AND_SCHOOL_METHOD,0.8
305,for__0__PADOVAN_SEQUENCE,1.0
306,for__0__FIND_A_TRIPLET_THAT_SUM_TO_A_GIVEN_VALUE_2,0.4
307,if__0__K_TH_DISTINCT_OR_NON_REPEATING_ELEMENT_IN_AN_ARRAY_1,0.4
308,for__2__LARGEST_SUBARRAY_WITH_EQUAL_NUMBER_OF_0S_AND_1S_1,0.0
309,for__0__FIND_REPETITIVE_ELEMENT_1_N_1_2,0.9
310,for__3__FIND_NUMBER_TRANSFORMATION_MAKE_TWO_MATRIX_EQUAL,1.0
311,while__0__MOVE_ZEROES_END_ARRAY,0.4
312,if__0__HARDY_RAMANUJAN_THEOREM,0.7
313,while__0__NEXT_POWER_OF_2,1.0
314,if__0__CHECK_TWO_GIVEN_CIRCLES_TOUCH_INTERSECT,1.0
315,for__0__LEXICOGRAPHICALLY_SMALLEST_ARRAY_K_CONSECUTIVE_SWAPS,0.4
316,for__0__COUNT_INVERSIONS_OF_SIZE_THREE_IN_A_GIVE_ARRAY_1,0.4
317,for__0__BREAKING_NUMBER_FIRST_PART_INTEGRAL_DIVISION_SECOND_POWER_10,0.4
318,if__0__TRIANGULAR_NUMBERS_1,0.0
319,for__0__FRIENDS_PAIRING_PROBLEM_2,0.9
320,if__0__BINARY_REPRESENTATION_OF_NEXT_NUMBER,1.0
321,if__0__CHECK_VALID_SEQUENCE_DIVISIBLE_M,0.6
322,while__0__HOW_TO_AVOID_OVERFLOW_IN_MODULAR_MULTIPLICATION,1.0
323,for__0__N_TH_NUMBER_WHOSE_SUM_OF_DIGITS_IS_TEN,1.0
324,for__0__LEONARDO_NUMBER_1,1.0
325,while__0__HOW_CAN_WE_SUM_THE_DIGITS_OF_A_GIVEN_NUMBER_IN_SINGLE_STATEMENT,1.0
326,for__0__SCHEDULE_JOBS_SERVER_GETS_EQUAL_LOAD,0.0
327,for__0__DYNAMIC_PROGRAMMING_SET_17_PALINDROME_PARTITIONING_1,0.9
328,for__1__FIRST_ELEMENT_OCCURRING_K_TIMES_ARRAY,0.5
329,for__0__MAXIMIZE_VOLUME_CUBOID_GIVEN_SUM_SIDES,0.9
330,if__0__CONVERTING_ONE_STRING_USING_APPEND_DELETE_LAST_OPERATIONS,0.30000000000000004
331,while__1__LOWER_INSERTION_POINT,0.8
332,if__0__NEXT_POWER_OF_2,0.19999999999999996
333,for__0__SORT_ARRAY_WAVE_FORM_2_1,0.8
334,while__0__POSITION_OF_RIGHTMOST_SET_BIT_1,1.0
335,for__0__FIND_SUM_EVEN_FACTORS_NUMBER,0.4
336,for__0__COUNT_NUMBERS_CAN_CONSTRUCTED_USING_TWO_NUMBERS,0.8
337,for__1__MAXIMUM_SUBARRAY_SUM_USING_PREFIX_SUM,1.0
338,if__2__PROGRAM_TO_FIND_REMAINDER_WITHOUT_USING_MODULO_OR_OPERATOR_1,0.0
339,if__0__LONGEST_COMMON_SUBSEQUENCE_WITH_AT_MOST_K_CHANGES_ALLOWED,0.0
340,for__0__POSSIBLE_TO_MAKE_A_DIVISIBLE_BY_3_NUMBER_USING_ALL_DIGITS_IN_AN_ARRAY,0.7
341,for__1__LENGTH_OF_THE_LONGEST_ARITHMATIC_PROGRESSION_IN_A_SORTED_ARRAY,0.6
342,while__0__COUNT_TOTAL_SET_BITS_IN_ALL_NUMBERS_FROM_1_TO_N,1.0
343,if__1__FIND_VALUE_OF_Y_MOD_2_RAISED_TO_POWER_X,0.0
344,for__1__LONGEST_COMMON_INCREASING_SUBSEQUENCE_LCS_LIS,0.6
345,for__0__CHECK_ARRAY_REPRESENTS_INORDER_BINARY_SEARCH_TREE_NOT,0.4
346,for__0__FIND_THREE_ELEMENT_FROM_DIFFERENT_THREE_ARRAYS_SUCH_THAT_THAT_A_B_C_K,0.4
347,while__0__PROGRAM_DECIMAL_BINARY_CONVERSION_2,1.0
348,for__1__LEXICOGRAPHICAL_CONCATENATION_SUBSTRINGS_STRING,1.0
349,for__0__NUMBER_INDEXES_EQUAL_ELEMENTS_GIVEN_RANGE,0.09999999999999998
350,for__1__PROGRAM_CENSOR_WORD_ASTERISKS_SENTENCE,1.0
351,for__0__PROGRAM_CHECK_INPUT_INTEGER_STRING,0.4
352,for__0__MINIMUM_COST_CONNECT_WEIGHTED_NODES_REPRESENTED_ARRAY,0.7
353,if__2__LONGEST_COMMON_SUBSEQUENCE_WITH_AT_MOST_K_CHANGES_ALLOWED,0.0
354,if__4__FIND_ROTATION_COUNT_ROTATED_SORTED_ARRAY_1,0.9
355,if__0__DISTRIBUTING_M_ITEMS_CIRCLE_SIZE_N_STARTING_K_TH_POSITION,1.0
356,while__0__NTH_NON_FIBONACCI_NUMBER,1.0
357,for__0__LONGEST_REPEATING_AND_NON_OVERLAPPING_SUBSTRING,1.0
358,for__0__CONVERTING_ONE_STRING_USING_APPEND_DELETE_LAST_OPERATIONS,0.0
359,while__0__NEXT_POWER_OF_2_1,1.0
360,for__0__CHECK_WHETHER_NUMBER_DUCK_NUMBER_NOT,1.0
361,for__0__LONGEST_SUBARRAY_COUNT_1S_ONE_COUNT_0S,1.0
362,if__0__HOW_TO_TURN_OFF_A_PARTICULAR_BIT_IN_A_NUMBER,0.0
363,if__0__COUNT_SET_BITS_IN_AN_INTEGER_1,1.0
364,for__0__MINIMIZE_THE_MAXIMUM_DIFFERENCE_BETWEEN_THE_HEIGHTS,0.4
365,if__3__WILDCARD_CHARACTER_MATCHING,0.6
366,for__0__LEXICOGRAPHICAL_CONCATENATION_SUBSTRINGS_STRING,1.0
367,for__0__MINIMUM_OPERATIONS_MAKE_GCD_ARRAY_MULTIPLE_K,1.0
368,for__0__MEDIAN_OF_TWO_SORTED_ARRAYS,1.0
369,for__0__FIND_N_TH_ELEMENT_FROM_STERNS_DIATOMIC_SERIES,1.0
370,if__0__FRIENDS_PAIRING_PROBLEM_2,1.0
371,for__0__FIND_SMALLEST_VALUE_REPRESENTED_SUM_SUBSET_GIVEN_ARRAY,0.5
372,for__0__LONGEST_COMMON_INCREASING_SUBSEQUENCE_LCS_LIS,0.4
373,for__0__MAXIMUM_DISTANCE_TWO_OCCURRENCES_ELEMENT_ARRAY,0.6
0,for__0__MINIMUM_TIME_TO_FINISH_TASKS_WITHOUT_SKIPPING_TWO_CONSECUTIVE,1.0
1,if__0__FIND_MAXIMUM_PRODUCT_OF_A_TRIPLET_IN_ARRAY,0.9
2,if__0__REMOVE_CONSECUTIVE_DUPLICATES_STRING,0.7
3,if__1__MAXIMUM_PRODUCT_SUBSET_ARRAY,0.7
4,if__0__FIND_SUM_ODD_FACTORS_NUMBER,0.9
5,while__0__WRITE_ONE_LINE_C_FUNCTION_TO_FIND_WHETHER_A_NO_IS_POWER_OF_TWO,0.6
6,if__0__TRIANGULAR_NUMBERS,0.09999999999999998
7,for__0__CHANGE_BITS_CAN_MADE_ONE_FLIP,0.30000000000000004
8,for__0__COUNT_INDEX_PAIRS_EQUAL_ELEMENTS_ARRAY,0.4
9,if__0__COUNT_FREQUENCY_K_MATRIX_SIZE_N_MATRIXI_J_IJ,1.0
10,for__0__FIND_THE_MISSING_NUMBER_2,1.0
11,for__0__MAXIMUM_PRODUCT_OF_4_ADJACENT_ELEMENTS_IN_MATRIX,1.0
12,if__0__PRIMALITY_TEST_SET_1_INTRODUCTION_AND_SCHOOL_METHOD_1,0.19999999999999996
13,for__0__DECODE_MEDIAN_STRING_ORIGINAL_STRING,0.9
14,for__0__PROGRAM_PAGE_REPLACEMENT_ALGORITHMS_SET_2_FIFO,1.0
15,for__1__COUNT_WORDS_APPEAR_EXACTLY_TWO_TIMES_ARRAY_WORDS,0.9
16,for__0__PROGRAM_COUNT_OCCURRENCE_GIVEN_CHARACTER_STRING,0.4
17,for__0__ARRAY_RANGE_QUERIES_ELEMENTS_FREQUENCY_VALUE,0.4
18,for__0__FIND_LARGEST_PRIME_FACTOR_NUMBER,0.6
19,for__0__GOOGLE_CASE_GIVEN_SENTENCE,1.0
20,while__0__SMALLEST_POWER_OF_2_GREATER_THAN_OR_EQUAL_TO_N,0.9
21,if__0__SQUARE_ROOT_OF_AN_INTEGER_1,0.8
22,for__1__FIND_THE_ELEMENT_BEFORE_WHICH_ALL_THE_ELEMENTS_ARE_SMALLER_THAN_IT_AND_AFTER_WHICH_ALL_ARE_GREATER_THAN_IT,0.30000000000000004
23,for__0__MINIMUM_TIME_WRITE_CHARACTERS_USING_INSERT_DELETE_COPY_OPERATION,1.0
24,for__0__REMOVE_CONSECUTIVE_DUPLICATES_STRING,0.7
25,if__1__STEINS_ALGORITHM_FOR_FINDING_GCD,1.0
26,for__1__REARRANGE_ARRAY_MAXIMUM_MINIMUM_FORM_SET_2_O1_EXTRA_SPACE,0.8
27,for__0__NUMBER_TRIANGLES_N_MOVES,1.0
28,while__1__PRINT_WORDS_STRING_REVERSE_ORDER,0.8
29,if__0__COUNT_SET_BITS_IN_AN_INTEGER_3,1.0
30,if__0__CIRCLE_LATTICE_POINTS,0.30000000000000004
31,while__0__SEARCH_IN_ROW_WISE_AND_COLUMN_WISE_SORTED_MATRIX,1.0
32,for__1__GIVEN_1S_2S_3S_KS_PRINT_ZIG_ZAG_WAY,0.6
33,for__0__COUNT_SUBSTRINGS_WITH_SAME_FIRST_AND_LAST_CHARACTERS,1.0
34,while__0__EVEN_FIBONACCI_NUMBERS_SUM,1.0
35,for__0__FIND_MINIMUM_DIFFERENCE_PAIR_1,1.0
36,for__0__REPLACE_CHARACTER_C1_C2_C2_C1_STRING_S,0.19999999999999996
37,while__0__MINIMUM_LENGTH_SUBARRAY_SUM_GREATER_GIVEN_VALUE_1,1.0
38,for__0__COUNT_SORTED_ROWS_MATRIX,0.30000000000000004
39,for__0__MAXIMUM_LENGTH_PREFIX_ONE_STRING_OCCURS_SUBSEQUENCE_ANOTHER,0.4
40,while__0__MINIMUM_NUMBER_PLATFORMS_REQUIRED_RAILWAYBUS_STATION,1.0
41,for__0__POINT_CLIPPING_ALGORITHM_COMPUTER_GRAPHICS,0.0
42,for__0__COUNT_DIGITS_FACTORIAL_SET_1,1.0
43,for__2__LONGEST_INCREASING_ODD_EVEN_SUBSEQUENCE,1.0
44,for__0__CHECK_IF_X_CAN_GIVE_CHANGE_TO_EVERY_PERSON_IN_THE_QUEUE,0.7
45,while__0__NUMBER_IS_DIVISIBLE_BY_29_OR_NOT,0.0
46,for__0__HOW_TO_CHECK_IF_A_GIVEN_ARRAY_REPRESENTS_A_BINARY_HEAP_1,0.8
47,for__0__CAESAR_CIPHER,1.0
48,while__0__PRINT_WORDS_STRING_REVERSE_ORDER,0.8
49,for__0__MINIMUM_INCREMENT_K_OPERATIONS_MAKE_ELEMENTS_EQUAL,0.9
50,for__0__COUNT_SUBARRAYS_WITH_SAME_EVEN_AND_ODD_ELEMENTS,1.0
51,if__0__STEINS_ALGORITHM_FOR_FINDING_GCD,1.0
52,if__1__PRIMALITY_TEST_SET_1_INTRODUCTION_AND_SCHOOL_METHOD_1,0.19999999999999996
53,for__0__CHECK_WHETHER_TWO_STRINGS_ARE_ANAGRAM_OF_EACH_OTHER,1.0
54,if__0__PAPER_CUT_MINIMUM_NUMBER_SQUARES,0.0
55,for__0__MAXIMUM_SUM_IARRI_AMONG_ROTATIONS_GIVEN_ARRAY,1.0
56,if__1__MINIMUM_TIME_WRITE_CHARACTERS_USING_INSERT_DELETE_COPY_OPERATION,1.0
57,if__0__SQUARE_ROOT_OF_AN_INTEGER,0.8
58,for__0__PROGRAM_FOR_FACTORIAL_OF_A_NUMBER_1,1.0
59,for__0__TRIANGULAR_NUMBERS,0.09999999999999998
60,for__0__COUNT_PAIRS_TWO_SORTED_ARRAYS_WHOSE_SUM_EQUAL_GIVEN_VALUE_X,0.09999999999999998
61,for__0__MAXIMUM_CONSECUTIVE_REPEATING_CHARACTER_STRING_1,1.0
62,for__0__BELL_NUMBERS_NUMBER_OF_WAYS_TO_PARTITION_A_SET,1.0
63,for__0__FIND_TRIPLETS_ARRAY_WHOSE_SUM_EQUAL_ZERO_2,0.0
64,for__0__FIND_THE_NUMBER_OCCURRING_ODD_NUMBER_OF_TIMES_1,1.0
65,do__0__MAXIMUM_GAMES_PLAYED_WINNER,1.0
66,while__0__SMALLEST_POWER_OF_2_GREATER_THAN_OR_EQUAL_TO_N_1,1.0
67,while__0__SEARCH_AN_ELEMENT_IN_AN_ARRAY_WHERE_DIFFERENCE_BETWEEN_ADJACENT_ELEMENTS_IS_1,0.19999999999999996
68,while__0__PAPER_CUT_MINIMUM_NUMBER_SQUARES,0.8
69,while__0__ADD_TWO_NUMBERS_WITHOUT_USING_ARITHMETIC_OPERATORS,0.0
70,for__1__FIND_SUM_UNIQUE_SUB_ARRAY_SUM_GIVEN_ARRAY,0.7
71,for__0__COUNT_ENTRIES_EQUAL_TO_X_IN_A_SPECIAL_MATRIX,0.8
72,for__0__TEMPLE_OFFERINGS,0.9
73,for__0__NUMBER_ORDERED_PAIRS_AI_AJ_0,1.0
74,for__0__MINIMUM_CHARACTERS_ADDED_FRONT_MAKE_STRING_PALINDROME,0.7
75,while__0__STEINS_ALGORITHM_FOR_FINDING_GCD,1.0
76,if__0__MINIMUM_TIME_WRITE_CHARACTERS_USING_INSERT_DELETE_COPY_OPERATION,1.0
77,for__0__MINIMUM_SUM_SUBSEQUENCE_LEAST_ONE_EVERY_FOUR_CONSECUTIVE_ELEMENTS_PICKED_1,1.0
78,for__0__COUNT_POSSIBLE_PATHS_TOP_LEFT_BOTTOM_RIGHT_NXM_MATRIX_2,0.9
79,for__0__PAIR_WITH_GIVEN_PRODUCT_SET_1_FIND_IF_ANY_PAIR_EXISTS,0.30000000000000004
80,for__0__MINIMUM_SUM_SQUARES_CHARACTERS_COUNTS_GIVEN_STRING_REMOVING_K_CHARACTERS,0.0
81,if__0__COUNT_OBTUSE_ANGLES_CIRCLE_K_EQUIDISTANT_POINTS_2_GIVEN_POINTS,0.0
82,for__1__FIND_THE_MISSING_NUMBER_2,0.8
83,for__2__PATH_MAXIMUM_AVERAGE_VALUE,0.9
84,for__0__COUNT_NUMBER_OF_WAYS_TO_COVER_A_DISTANCE_1,1.0
85,for__0__COUNT_ARRAYS_CONSECUTIVE_ELEMENT_DIFFERENT_VALUES,1.0
86,for__1__FIND_THE_NUMBER_OCCURRING_ODD_NUMBER_OF_TIMES_1,1.0
87,for__2__NUMBER_N_DIGIT_STEPPING_NUMBERS,1.0
88,if__0__CHECK_INTEGER_OVERFLOW_MULTIPLICATION,0.19999999999999996
89,for__0__CEILING_IN_A_SORTED_ARRAY,0.19999999999999996
90,for__0__QUICK_WAY_CHECK_CHARACTERS_STRING,0.4
91,for__1__MINIMUM_SUM_SQUARES_CHARACTERS_COUNTS_GIVEN_STRING_REMOVING_K_CHARACTERS,0.0
92,while__0__SQUARE_ROOT_OF_AN_INTEGER,1.0
93,for__0__RECURSIVELY_BREAK_NUMBER_3_PARTS_GET_MAXIMUM_SUM_1,1.0
94,for__1__MAXIMUM_PRODUCT_INCREASING_SUBSEQUENCE,0.7
95,for__1__NUMBER_SUBSTRINGS_DIVISIBLE_4_STRING_INTEGERS,0.8
96,if__0__CHECK_WHETHER_GIVEN_NUMBER_EVEN_ODD_1,0.6
97,if__2__CALCULATE_ANGLE_HOUR_HAND_MINUTE_HAND,1.0
98,if__1__SUM_TWO_LARGE_NUMBERS,1.0
99,if__2__PRIMALITY_TEST_SET_1_INTRODUCTION_AND_SCHOOL_METHOD_1,0.9
100,for__0__MINIMUM_DIFFERENCE_MAX_MIN_K_SIZE_SUBSETS,0.5
101,if__0__COUNT_DIGITS_FACTORIAL_SET_1,1.0
102,for__0__MAKING_ELEMENTS_OF_TWO_ARRAYS_SAME_WITH_MINIMUM_INCREMENTDECREMENT,0.9
103,if__2__COMPOSITE_NUMBER,0.7
104,for__0__FIND_A_FIXED_POINT_IN_A_GIVEN_ARRAY,0.30000000000000004
105,for__0__CHECK_ARRAY_CONTAINS_CONTIGUOUS_INTEGERS_DUPLICATES_ALLOWED,0.5
106,if__0__NUMBER_OF_SUBSTRINGS_WITH_ODD_DECIMAL_VALUE_IN_A_BINARY_STRING,0.5
107,for__0__FIND_SUM_UNIQUE_SUB_ARRAY_SUM_GIVEN_ARRAY,0.7
108,if__0__CHECK_VALID_SEQUENCE_DIVISIBLE_M_1,0.09999999999999998
109,for__0__LONGEST_PALINDROME_SUBSEQUENCE_SPACE,1.0
110,for__0__CIRCLE_LATTICE_POINTS,0.30000000000000004
111,if__4__SPLIT_N_MAXIMUM_COMPOSITE_NUMBERS,1.0
112,for__0__NUMBER_UNIQUE_RECTANGLES_FORMED_USING_N_UNIT_SQUARES,1.0
113,if__2__SPLIT_N_MAXIMUM_COMPOSITE_NUMBERS,0.30000000000000004
114,while__0__PERFECT_REVERSIBLE_STRING,0.5
115,if__0__MINIMUM_SUM_SUBSEQUENCE_LEAST_ONE_EVERY_FOUR_CONSECUTIVE_ELEMENTS_PICKED_1,1.0
116,if__0__REMOVE_MINIMUM_ELEMENTS_EITHER_SIDE_2MIN_MAX,0.7
117,for__0__MINIMUM_COST_FOR_ACQUIRING_ALL_COINS_WITH_K_EXTRA_COINS_ALLOWED_WITH_EVERY_COIN,0.19999999999999996
118,for__0__COUNT_SUBARRAYS_EQUAL_NUMBER_1S_0S_1,1.0
119,if__3__SPLIT_N_MAXIMUM_COMPOSITE_NUMBERS,0.4
120,if__0__SPLIT_N_MAXIMUM_COMPOSITE_NUMBERS,0.0
121,if__0__CHECK_IF_ALL_THE_ELEMENTS_CAN_BE_MADE_OF_SAME_PARITY_BY_INVERTING_ADJACENT_ELEMENTS,0.9
122,if__0__CEILING_IN_A_SORTED_ARRAY,0.7
123,if__0__NUMBER_N_DIGIT_STEPPING_NUMBERS,1.0
124,if__0__DYNAMIC_PROGRAMMING_SET_36_CUT_A_ROPE_TO_MAXIMIZE_PRODUCT_1,0.09999999999999998
125,if__1__SPLIT_N_MAXIMUM_COMPOSITE_NUMBERS,0.19999999999999996
126,for__0__PAINTING_FENCE_ALGORITHM,1.0
127,for__0__PRIMALITY_TEST_SET_1_INTRODUCTION_AND_SCHOOL_METHOD_1,0.19999999999999996
128,for__0__STEINS_ALGORITHM_FOR_FINDING_GCD,1.0
129,for__1__FIND_ONE_EXTRA_CHARACTER_STRING_1,1.0
130,if__0__SMALLEST_POWER_OF_2_GREATER_THAN_OR_EQUAL_TO_N,0.09999999999999998
131,if__0__COUNT_SUBARRAYS_EQUAL_NUMBER_1S_0S,1.0
132,while__0__SEARCHING_ARRAY_ADJACENT_DIFFER_K,0.19999999999999996
133,for__0__SQUARED_TRIANGULAR_NUMBER_SUM_CUBES,0.09999999999999998
134,for__0__REARRANGE_ARRAY_MAXIMUM_MINIMUM_FORM_SET_2_O1_EXTRA_SPACE,0.8
135,for__0__FIND_SUM_ODD_FACTORS_NUMBER,0.19999999999999996
136,for__0__SUBSEQUENCES_SIZE_THREE_ARRAY_WHOSE_SUM_DIVISIBLE_M,0.8
137,for__0__FIRST_UPPERCASE_LETTER_IN_A_STRING_ITERATIVE_AND_RECURSIVE,0.09999999999999998
138,while__0__ADD_1_TO_A_GIVEN_NUMBER,0.7
139,for__0__PRIMALITY_TEST_SET_5USING_LUCAS_LEHMER_SERIES,0.19999999999999996
140,for__1__ELEMENTS_TO_BE_ADDED_SO_THAT_ALL_ELEMENTS_OF_A_RANGE_ARE_PRESENT_IN_ARRAY_1,1.0
141,for__1__NUMBER_OF_SUBSTRINGS_WITH_ODD_DECIMAL_VALUE_IN_A_BINARY_STRING,0.5
142,for__0__COMPOSITE_NUMBER,0.09999999999999998
143,for__0__FIND_INDEX_OF_AN_EXTRA_ELEMENT_PRESENT_IN_ONE_SORTED_ARRAY,0.8
144,for__0__C_PROGRAM_FACTORIAL_NUMBER_1,1.0
145,if__2__RECURSIVE_C_PROGRAM_LINEARLY_SEARCH_ELEMENT_GIVEN_ARRAY,1.0
146,if__1__COMPOSITE_NUMBER,0.09999999999999998
147,for__1__REMOVE_MINIMUM_NUMBER_ELEMENTS_NO_COMMON_ELEMENT_EXIST_ARRAY,0.8
148,for__1__ARRAY_RANGE_QUERIES_ELEMENTS_FREQUENCY_VALUE,0.4
149,for__0__REMOVE_MINIMUM_ELEMENTS_EITHER_SIDE_2MIN_MAX,1.0
150,for__0__COUNT_PAIRS_DIFFERENCE_EQUAL_K,0.4
151,if__0__FIND_LARGEST_PRIME_FACTOR_NUMBER,0.9
152,while__0__CHECK_IF_A_NUMBER_IS_JUMBLED_OR_NOT,0.5
153,for__0__DYCK_PATH,1.0
154,while__0__SMALLEST_OF_THREE_INTEGERS_WITHOUT_COMPARISON_OPERATORS,1.0
155,if__0__SMALLEST_POWER_OF_2_GREATER_THAN_OR_EQUAL_TO_N_1,0.0
156,while__1__CHECK_REVERSING_SUB_ARRAY_MAKE_ARRAY_SORTED_1,0.19999999999999996
157,for__0__SMALLEST_SUM_CONTIGUOUS_SUBARRAY,1.0
158,if__0__FIND_LAST_DIGIT_FACTORIAL_DIVIDES_FACTORIAL_B,0.5
159,if__0__EVEN_FIBONACCI_NUMBERS_SUM,0.0
160,for__0__SUM_SERIES_12_32_52_2N_12,1.0
161,for__0__SUM_FACTORS_NUMBER,0.8
162,for__0__SUM_MATRIX_ELEMENT_ABSOLUTE_DIFFERENCE_ROW_COLUMN_NUMBERS_1,1.0
163,for__0__MINIMIZE_SUM_PRODUCT_TWO_ARRAYS_PERMUTATIONS_ALLOWED,0.8
164,if__0__MAXIMUM_PRODUCT_SUBSET_ARRAY,0.7
165,if__1__HOW_TO_CHECK_IF_A_GIVEN_ARRAY_REPRESENTS_A_BINARY_HEAP,0.4
166,while__0__FIND_INDEX_OF_AN_EXTRA_ELEMENT_PRESENT_IN_ONE_SORTED_ARRAY_1,1.0
167,for__0__MARKOV_MATRIX,0.7
168,while__0__CHECK_REVERSING_SUB_ARRAY_MAKE_ARRAY_SORTED_1,0.19999999999999996
169,for__0__CHECK_POSSIBLE_SORT_ARRAY_CONDITIONAL_SWAPPING_ADJACENT_ALLOWED,0.4
170,for__0__MAXIMUM_SUM_SUBSEQUENCE_LEAST_K_DISTANT_ELEMENTS,0.7
171,for__0__COUNT_WORDS_APPEAR_EXACTLY_TWO_TIMES_ARRAY_WORDS,0.9
172,while__0__DYNAMIC_PROGRAMMING_SET_36_CUT_A_ROPE_TO_MAXIMIZE_PRODUCT_1,1.0
173,if__2__STOOGE_SORT,0.09999999999999998
174,for__1__POINT_CLIPPING_ALGORITHM_COMPUTER_GRAPHICS,0.0
175,if__1__CALCULATE_ANGLE_HOUR_HAND_MINUTE_HAND,1.0
176,for__1__COUNT_SORTED_ROWS_MATRIX,0.30000000000000004
177,while__0__COUNT_SET_BITS_IN_AN_INTEGER_2,1.0
178,if__0__COMPOSITE_NUMBER,0.09999999999999998
179,for__2__REMOVE_MINIMUM_NUMBER_ELEMENTS_NO_COMMON_ELEMENT_EXIST_ARRAY,0.8
180,while__1__COUNT_FACTORIAL_NUMBERS_IN_A_GIVEN_RANGE,0.09999999999999998
181,while__0__FIND_SUM_ODD_FACTORS_NUMBER,0.9
182,if__0__FIND_TRIPLETS_ARRAY_WHOSE_SUM_EQUAL_ZERO_2,0.0
183,for__0__DOUBLE_FACTORIAL_1,1.0
184,while__0__SQUARE_ROOT_OF_AN_INTEGER_1,1.0
185,if__0__NUMBER_WAYS_NODE_MAKE_LOOP_SIZE_K_UNDIRECTED_COMPLETE_CONNECTED_GRAPH_N_NODES,0.0
186,for__0__SUM_FAI_AJ_PAIRS_ARRAY_N_INTEGERS,1.0
187,for__0__FIND_THE_NUMBER_OCCURRING_ODD_NUMBER_OF_TIMES,1.0
188,for__0__SORT_EVEN_NUMBERS_ASCENDING_ORDER_SORT_ODD_NUMBERS_DESCENDING_ORDER_1,0.9
189,if__2__CEILING_IN_A_SORTED_ARRAY_1,0.9
190,for__0__FIND_THE_ELEMENT_BEFORE_WHICH_ALL_THE_ELEMENTS_ARE_SMALLER_THAN_IT_AND_AFTER_WHICH_ALL_ARE_GREATER_THAN_IT,0.30000000000000004
191,while__0__LONGEST_PREFIX_ALSO_SUFFIX_1,1.0
192,if__4__FLOOR_IN_A_SORTED_ARRAY_1,1.0
193,if__0__CALCULATE_ANGLE_HOUR_HAND_MINUTE_HAND,1.0
194,for__0__SUM_DIVISORS_1_N_1,1.0
195,if__0__BINARY_SEARCH,0.09999999999999998
196,while__0__FIND_LARGEST_PRIME_FACTOR_NUMBER,1.0
197,for__0__MINIMUM_SUM_TWO_NUMBERS_FORMED_DIGITS_ARRAY_2,0.9
198,if__0__WRITE_A_C_PROGRAM_TO_CALCULATE_POWXN,1.0
199,for__1__MAXIMUM_NUMBER_CHOCOLATES_DISTRIBUTED_EQUALLY_AMONG_K_STUDENTS,0.6
200,for__0__MINIMUM_FLIP_REQUIRED_MAKE_BINARY_MATRIX_SYMMETRIC_1,0.9
201,for__0__MAXIMUM_PRODUCT_SUBSET_ARRAY,0.7
202,for__0__MAXIMUM_HEIGHT_OF_TRIANGULAR_ARRANGEMENT_OF_ARRAY_VALUES,0.8
203,for__0__SUBARRAYS_DISTINCT_ELEMENTS,1.0
204,if__0__CHECK_WHETHER_TWO_STRINGS_ARE_ANAGRAM_OF_EACH_OTHER,1.0
205,for__0__COUNT_NUMBER_OF_WAYS_TO_FILL_A_N_X_4_GRID_USING_1_X_4_TILES,1.0
206,for__1__MAGICAL_INDICES_ARRAY,1.0
207,for__0__FIND_SUM_MODULO_K_FIRST_N_NATURAL_NUMBER,0.9
208,if__0__WRITE_ONE_LINE_C_FUNCTION_TO_FIND_WHETHER_A_NO_IS_POWER_OF_TWO,0.0
209,for__1__FIND_LARGEST_D_IN_ARRAY_SUCH_THAT_A_B_C_D_1,1.0
210,for__0__K_MAXIMUM_SUMS_NON_OVERLAPPING_CONTIGUOUS_SUB_ARRAYS,1.0
211,if__0__CHECK_IF_A_NUMBER_IS_JUMBLED_OR_NOT,0.5
212,for__0__FIND_THE_MISSING_NUMBER_1,1.0
213,for__0__COUNT_NUMBER_OF_SOLUTIONS_OF_X2_1_MOD_P_IN_GIVEN_RANGE,0.9
214,for__0__SUM_PAIRWISE_PRODUCTS,1.0
215,for__0__FIND_THE_MAXIMUM_ELEMENT_IN_AN_ARRAY_WHICH_IS_FIRST_INCREASING_AND_THEN_DECREASING,0.7
216,for__0__FIND_FREQUENCY_EVEN_ODD_NUMBERS_MATRIX,0.0
217,for__0__DIAGONALLY_DOMINANT_MATRIX,0.7
218,for__0__NUMBER_N_DIGIT_STEPPING_NUMBERS,1.0
219,for__0__MINIMUM_COST_MAKE_ARRAY_SIZE_1_REMOVING_LARGER_PAIRS,0.30000000000000004
220,for__0__FIND_REPETITIVE_ELEMENT_1_N_1,1.0
221,for__1__K_TH_MISSING_ELEMENT_INCREASING_SEQUENCE_NOT_PRESENT_GIVEN_SEQUENCE,0.30000000000000004
222,while__0__FIBONACCI_MODULO_P,1.0
